date,name_ru,type,is_day_off,impact
2025-01-01,Новый год,1,0.5
2025-01-02,Новогодние каникулы,1,0.4
2025-01-03,Новогодние каникулы,1,0.4
2025-01-04,Новогодние каникулы,1,0.4
2025-01-05,Новогодние каникулы,1,0.35
2025-01-06,Новогодние каникулы,1,0.35
2025-01-07,Рождество Христово,1,-0.4
2025-01-08,Новогодние каникулы,1,0.35
2025-01-14,Старый Новый год,1,0.1
2025-02-14,День святого Валентина,0,0.25
2025-02-23,День защитника Отечества,1,0.1
2025-03-08,Международный женский день,1,0.2
2025-04-01,День смеха,0,0.05
2025-05-01,Праздник Весны и Труда,1,-0.3
2025-05-02,Праздник Весны и Труда,1,-0.3
2025-05-08,День Победы,1,0.3
2025-05-09,День Победы,1,0.3
2025-06-01,День защиты детей,1,0.1
2025-06-12,День России,1,-0.1
2025-06-13,День России,1,-0.1
2025-09-01,День знаний,0,0.35
2025-10-05,День учителя,0,0.1
2025-11-01,Международный женский день,0,0.3
2025-11-04,День народного единства,1,-0.1
2025-12-27,Канун Нового года,1,0.15
2025-12-28,Канун Нового года,1,0.2
2025-12-29,Канун Нового года,0,0.2
2025-12-30,Канун Нового года,0,0.3
2025-12-31,Новогодняя ночь,1,0.4