route,start,end,type,comment
50,2025-03-15 00:00:00,2025-03-15 23:59:59,changed,трамваи не делают скобочку у миита
50,2025-03-16 00:00:00,2025-03-16 23:59:59,changed,трамваи не делают скобочку у миита
50,2025-03-22 00:00:00,2025-03-22 23:59:59,changed,трамваи не делают скобочку у миита
50,2025-03-23 00:00:00,2025-03-23 23:59:59,changed,трамваи не делают скобочку у миита
50,2025-03-29 00:00:00,2025-03-29 23:59:59,changed,трамваи не делают скобочку у миита
50,2025-03-30 00:00:00,2025-03-30 23:59:59,changed,трамваи не делают скобочку у миита
7,2025-03-29 22:00:00,2025-03-30 13:00:00,shortify,трамваи идут до каланчевской улицы
50,2025-03-29 22:00:00,2025-03-30 13:00:00,shortify,трамваи идут до каланчевской улицы
17,2025-04-05 00:00:00,2025-04-05 23:59:59,shortify,трамваи идут до с/х улицы
17,2025-04-06 00:00:00,2025-04-06 23:59:59,shortify,трамваи идут до с/х улицы
17,2025-04-12 00:00:00,2025-04-12 23:59:59,shortify,трамваи идут до с/х улицы
17,2025-04-13 00:00:00,2025-04-13 23:59:59,shortify,трамваи идут до с/х улицы
17,2025-04-26 00:00:00,2025-04-26 23:59:59,canceled,трамваи не ходят
17,2025-04-27 00:00:00,2025-04-27 23:59:59,canceled,трамваи не ходят
12,2025-04-29 16:00:00,2025-04-29 19:00:00,changed,трамваи ходят до калитников
12,2025-04-29 23:00:00,2025-04-30 01:00:00,changed,трамваи ходят до калитников
12,2025-05-03 16:00:00,2025-05-04 19:00:00,changed,трамваи ходят до калитников
12,2025-05-03 23:00:00,2025-05-04 01:00:00,changed,трамваи ходят до калитников
12,2025-05-07 05:00:00,2025-05-07 08:00:00,changed,трамваи ходят до калитников
12,2025-05-07 09:30:00,2025-05-07 15:30:00,changed,трамваи ходят до калитников
12,2025-05-09 05:00:00,2025-05-09 08:00:00,changed,трамваи ходят до калитников
12,2025-05-09 09:30:00,2025-05-09 15:30:00,changed,трамваи ходят до калитников
26,2025-05-11 15:00:00,2025-05-12 15:00:00,changed,трамваи ходят по улице вавилова
7,2025-06-05 22:00:00,2025-06-06 12:00:00,shortify,трамваи идут до каланчевской улицы
50,2025-06-05 22:00:00,2025-06-06 12:00:00,shortify,трамваи идут до каланчевской улицы
12,2025-06-07 00:00:00,2025-06-07 23:59:59,changed,трамваи ходят до новогиреево
12,2025-06-08 00:00:00,2025-06-08 23:59:59,changed,трамваи ходят до новогиреево
12,2025-06-14 00:00:00,2025-06-14 23:59:59,changed,трамваи ходят до новогиреево
12,2025-06-15 00:00:00,2025-06-15 23:59:59,changed,трамваи ходят до новогиреево
7,2025-06-08 00:00:00,2025-06-08 14:00:00,shortify,трамваи идут до каланчевской улицы
50,2025-06-08 00:00:00,2025-06-08 14:00:00,shortify,трамваи идут до каланчевской улицы
11,2025-06-27 11:30:00,2025-06-28 07:00:00,changed,трамваи идут до СФР
17,2025-06-27 11:30:00,2025-06-28 07:00:00,shortify,трамваи идут до с/х улицы (от медведково)
25,2025-06-27 11:30:00,2025-06-28 07:00:00,shortify,трамваи идут до с/х улицы
7,2025-06-28 00:00:00,2025-06-28 23:59:59,changed,трамваи идут до новослободской
7,2025-06-29 00:00:00,2025-06-29 23:59:59,changed,трамваи идут до новослободской
7,2025-07-05 00:00:00,2025-07-05 23:59:59,changed,трамваи идут до новослободской
7,2025-07-06 00:00:00,2025-07-06 23:59:59,changed,трамваи идут до новослободской
7,2025-07-12 00:00:00,2025-07-12 23:59:59,changed,трамваи идут до новослободской
7,2025-07-13 00:00:00,2025-07-13 23:59:59,changed,трамваи идут до новослободской
7,2025-07-19 00:00:00,2025-07-19 23:59:59,changed,трамваи идут до новослободской
7,2025-07-20 00:00:00,2025-07-20 23:59:59,changed,трамваи идут до новослободской
7,2025-07-26 00:00:00,2025-07-26 23:59:59,changed,трамваи идут до новослободской
7,2025-07-27 00:00:00,2025-07-27 23:59:59,changed,трамваи идут до новослободской
7,2025-07-02 00:00:00,2025-07-02 23:59:59,changed,трамваи идут до новослободской
7,2025-07-03 00:00:00,2025-07-03 23:59:59,changed,трамваи идут до новослободской
7,2025-07-09 00:00:00,2025-07-09 23:59:59,changed,трамваи идут до новослободской
7,2025-07-10 00:00:00,2025-07-10 23:59:59,changed,трамваи идут до новослободской
7,2025-07-16 00:00:00,2025-07-16 23:59:59,changed,трамваи идут до новослободской
7,2025-07-17 00:00:00,2025-07-17 23:59:59,changed,трамваи идут до новослободской
7,2025-07-23 00:00:00,2025-07-23 23:59:59,changed,трамваи идут до новослободской
7,2025-07-24 00:00:00,2025-07-24 23:59:59,changed,трамваи идут до новослободской
7,2025-07-30 00:00:00,2025-07-30 23:59:59,changed,трамваи идут до новослободской
7,2025-07-31 00:00:00,2025-07-31 23:59:59,changed,трамваи идут до новослободской
7,2025-08-06 00:00:00,2025-08-06 23:59:59,changed,трамваи идут до новослободской
7,2025-08-07 00:00:00,2025-08-07 23:59:59,changed,трамваи идут до новослободской
7,2025-07-10 00:00:00,2025-07-10 23:59:59,shortify,трамваи идут до сокольников
50,2025-07-10 00:00:00,2025-07-10 23:59:59,changed,трамваи идут до метрогородка под номером 13+50
7,2025-07-11 00:00:00,2025-07-11 23:59:59,shortify,трамваи идут до сокольников
50,2025-07-11 00:00:00,2025-07-11 23:59:59,changed,трамваи идут до метрогородка под номером 13+50
7,2025-07-12 00:00:00,2025-07-12 23:59:59,shortify,трамваи идут до сокольников
50,2025-07-12 00:00:00,2025-07-12 23:59:59,changed,трамваи идут до метрогородка под номером 13+50
7,2025-07-13 00:00:00,2025-07-13 23:59:59,shortify,трамваи идут до сокольников
50,2025-07-13 00:00:00,2025-07-13 23:59:59,changed,трамваи идут до метрогородка под номером 13+50
7,2025-07-14 00:00:00,2025-07-14 23:59:59,shortify,трамваи идут до сокольников
50,2025-07-14 00:00:00,2025-07-14 23:59:59,changed,трамваи идут до метрогородка под номером 13+50
7,2025-07-15 00:00:00,2025-07-15 23:59:59,shortify,трамваи идут до сокольников
50,2025-07-15 00:00:00,2025-07-15 23:59:59,changed,трамваи идут до метрогородка под номером 13+50
7,2025-07-16 00:00:00,2025-07-16 23:59:59,shortify,трамваи идут до сокольников
50,2025-07-16 00:00:00,2025-07-16 23:59:59,changed,трамваи идут до метрогородка под номером 13+50
7,2025-07-17 00:00:00,2025-07-17 23:59:59,shortify,трамваи идут до сокольников
50,2025-07-17 00:00:00,2025-07-17 23:59:59,changed,трамваи идут до метрогородка под номером 13+50
7,2025-07-18 00:00:00,2025-07-18 23:59:59,shortify,трамваи идут до сокольников
50,2025-07-18 00:00:00,2025-07-18 23:59:59,changed,трамваи идут до метрогородка под номером 13+50
7,2025-07-19 00:00:00,2025-07-19 23:59:59,shortify,трамваи идут до сокольников
50,2025-07-19 00:00:00,2025-07-19 23:59:59,changed,трамваи идут до метрогородка под номером 13+50
7,2025-07-20 00:00:00,2025-07-20 23:59:59,shortify,трамваи идут до сокольников
50,2025-07-20 00:00:00,2025-07-20 23:59:59,changed,трамваи идут до метрогородка под номером 13+50
7,2025-07-21 00:00:00,2025-07-21 23:59:59,shortify,трамваи идут до сокольников
50,2025-07-21 00:00:00,2025-07-21 23:59:59,changed,трамваи идут до метрогородка под номером 13+50
7,2025-07-22 00:00:00,2025-07-22 23:59:59,shortify,трамваи идут до сокольников
50,2025-07-22 00:00:00,2025-07-22 23:59:59,changed,трамваи идут до метрогородка под номером 13+50
7,2025-07-23 00:00:00,2025-07-23 23:59:59,shortify,трамваи идут до сокольников
50,2025-07-23 00:00:00,2025-07-23 23:59:59,changed,трамваи идут до метрогородка под номером 13+50
7,2025-07-24 00:00:00,2025-07-24 23:59:59,shortify,трамваи идут до сокольников
50,2025-07-24 00:00:00,2025-07-24 23:59:59,changed,трамваи идут до метрогородка под номером 13+50
7,2025-07-25 00:00:00,2025-07-25 23:59:59,shortify,трамваи идут до сокольников
50,2025-07-25 00:00:00,2025-07-25 23:59:59,changed,трамваи идут до метрогородка под номером 13+50
7,2025-07-26 00:00:00,2025-07-26 23:59:59,shortify,трамваи идут до сокольников
50,2025-07-26 00:00:00,2025-07-26 23:59:59,changed,трамваи идут до метрогородка под номером 13+50
7,2025-07-27 00:00:00,2025-07-27 23:59:59,shortify,трамваи идут до сокольников
50,2025-07-27 00:00:00,2025-07-27 23:59:59,changed,трамваи идут до метрогородка под номером 13+50
7,2025-07-28 00:00:00,2025-07-28 23:59:59,shortify,трамваи идут до сокольников
50,2025-07-28 00:00:00,2025-07-28 23:59:59,changed,трамваи идут до метрогородка под номером 13+50
7,2025-07-29 00:00:00,2025-07-29 23:59:59,shortify,трамваи идут до сокольников
50,2025-07-29 00:00:00,2025-07-29 23:59:59,changed,трамваи идут до метрогородка под номером 13+50
7,2025-07-30 00:00:00,2025-07-30 23:59:59,shortify,трамваи идут до сокольников
50,2025-07-30 00:00:00,2025-07-30 23:59:59,changed,трамваи идут до метрогородка под номером 13+50
7,2025-07-31 00:00:00,2025-07-31 23:59:59,shortify,трамваи идут до сокольников
50,2025-07-31 00:00:00,2025-07-31 23:59:59,changed,трамваи идут до метрогородка под номером 13+50
7,2025-08-01 00:00:00,2025-08-01 23:59:59,shortify,трамваи идут до сокольников
50,2025-08-01 00:00:00,2025-08-01 23:59:59,changed,трамваи идут до метрогородка под номером 13+50
7,2025-08-02 00:00:00,2025-08-02 23:59:59,shortify,трамваи идут до сокольников
50,2025-08-02 00:00:00,2025-08-02 23:59:59,changed,трамваи идут до метрогородка под номером 13+50
7,2025-08-03 00:00:00,2025-08-03 23:59:59,shortify,трамваи идут до сокольников
50,2025-08-03 00:00:00,2025-08-03 23:59:59,changed,трамваи идут до метрогородка под номером 13+50
7,2025-08-04 00:00:00,2025-08-04 23:59:59,shortify,трамваи идут до сокольников
50,2025-08-04 00:00:00,2025-08-04 23:59:59,changed,трамваи идут до метрогородка под номером 13+50
7,2025-08-05 00:00:00,2025-08-05 23:59:59,shortify,трамваи идут до сокольников
50,2025-08-05 00:00:00,2025-08-05 23:59:59,changed,трамваи идут до метрогородка под номером 13+50
7,2025-08-06 00:00:00,2025-08-06 23:59:59,shortify,трамваи идут до сокольников
50,2025-08-06 00:00:00,2025-08-06 23:59:59,changed,трамваи идут до метрогородка под номером 13+50
7,2025-08-07 00:00:00,2025-08-07 23:59:59,shortify,трамваи идут до сокольников
50,2025-08-07 00:00:00,2025-08-07 23:59:59,changed,трамваи идут до метрогородка под номером 13+50
7,2025-08-08 00:00:00,2025-08-08 23:59:59,shortify,трамваи идут до сокольников
50,2025-08-08 00:00:00,2025-08-08 23:59:59,changed,трамваи идут до метрогородка под номером 13+50
7,2025-08-09 00:00:00,2025-08-09 23:59:59,shortify,трамваи идут до сокольников
50,2025-08-09 00:00:00,2025-08-09 23:59:59,changed,трамваи идут до метрогородка под номером 13+50
7,2025-08-10 00:00:00,2025-08-10 23:59:59,shortify,трамваи идут до сокольников
50,2025-08-10 00:00:00,2025-08-10 23:59:59,changed,трамваи идут до метрогородка под номером 13+50
25,2025-07-05 21:00:00,2025-07-06 01:00:00,shortify,трамваи идут до богородского
7,2025-08-16 00:00:00,2025-08-16 23:59:59,changed,трамваи идут до новослободской
7,2025-08-17 00:00:00,2025-08-17 23:59:59,changed,трамваи идут до новослободской
7,2025-08-23 00:00:00,2025-08-23 23:59:59,changed,трамваи идут до новослободской
7,2025-08-24 00:00:00,2025-08-24 23:59:59,changed,трамваи идут до новослободской
7,2025-08-30 00:00:00,2025-08-31 23:59:59,changed,трамваи идут до новослободской
7,2025-09-06 00:00:00,2025-09-06 23:59:59,changed,трамваи идут до каланчевской улицы
7,2025-09-07 00:00:00,2025-09-07 23:59:59,changed,трамваи идут до каланчевской улицы
7,2025-09-13 00:00:00,2025-09-13 23:59:59,changed,трамваи идут до каланчевской улицы
7,2025-09-14 00:00:00,2025-09-14 23:59:59,changed,трамваи идут до каланчевской улицы
7,2025-09-20 00:00:00,2025-09-20 23:59:59,changed,трамваи идут до каланчевской улицы
7,2025-09-21 00:00:00,2025-09-21 23:59:59,changed,трамваи идут до каланчевской улицы
7,2025-09-27 00:00:00,2025-09-27 23:59:59,changed,трамваи идут до каланчевской улицы
7,2025-09-28 00:00:00,2025-09-28 23:59:59,changed,трамваи идут до каланчевской улицы
7,2025-10-04 00:00:00,2025-10-04 23:59:59,changed,трамваи идут до каланчевской улицы
7,2025-10-05 00:00:00,2025-10-05 23:59:59,changed,трамваи идут до каланчевской улицы
7,2025-10-11 00:00:00,2025-10-11 23:59:59,changed,трамваи идут до каланчевской улицы
7,2025-10-12 00:00:00,2025-10-12 23:59:59,changed,трамваи идут до каланчевской улицы
7,2025-10-18 00:00:00,2025-10-18 23:59:59,changed,трамваи идут до каланчевской улицы
7,2025-10-19 00:00:00,2025-10-19 23:59:59,changed,трамваи идут до каланчевской улицы
7,2025-10-25 00:00:00,2025-10-25 23:59:59,changed,трамваи идут до каланчевской улицы
7,2025-10-26 00:00:00,2025-10-26 23:59:59,changed,трамваи идут до каланчевской улицы
7,2025-11-01 00:00:00,2025-11-01 23:59:59,changed,трамваи идут до каланчевской улицы
7,2025-11-02 00:00:00,2025-11-02 23:59:59,changed,трамваи идут до каланчевской улицы
7,2025-11-08 00:00:00,2025-11-08 23:59:59,changed,трамваи идут до каланчевской улицы
7,2025-11-09 00:00:00,2025-11-09 23:59:59,changed,трамваи идут до каланчевской улицы
50,2025-09-06 00:00:00,2025-09-06 23:59:59,canceled,трамваи не ходят
50,2025-09-07 00:00:00,2025-09-07 23:59:59,canceled,трамваи не ходят
50,2025-09-13 00:00:00,2025-09-13 23:59:59,canceled,трамваи не ходят
50,2025-09-14 00:00:00,2025-09-14 23:59:59,canceled,трамваи не ходят
50,2025-09-20 00:00:00,2025-09-20 23:59:59,canceled,трамваи не ходят
50,2025-09-21 00:00:00,2025-09-21 23:59:59,canceled,трамваи не ходят
50,2025-09-27 00:00:00,2025-09-27 23:59:59,canceled,трамваи не ходят
50,2025-09-28 00:00:00,2025-09-28 23:59:59,canceled,трамваи не ходят
50,2025-10-04 00:00:00,2025-10-04 23:59:59,canceled,трамваи не ходят
50,2025-10-05 00:00:00,2025-10-05 23:59:59,canceled,трамваи не ходят
50,2025-10-11 00:00:00,2025-10-11 23:59:59,canceled,трамваи не ходят
50,2025-10-12 00:00:00,2025-10-12 23:59:59,canceled,трамваи не ходят
50,2025-10-18 00:00:00,2025-10-18 23:59:59,canceled,трамваи не ходят
50,2025-10-19 00:00:00,2025-10-19 23:59:59,canceled,трамваи не ходят
50,2025-10-25 00:00:00,2025-10-25 23:59:59,canceled,трамваи не ходят
50,2025-10-26 00:00:00,2025-10-26 23:59:59,canceled,трамваи не ходят
50,2025-11-01 00:00:00,2025-11-01 23:59:59,canceled,трамваи не ходят
50,2025-11-02 00:00:00,2025-11-02 23:59:59,canceled,трамваи не ходят
50,2025-11-08 00:00:00,2025-11-08 23:59:59,canceled,трамваи не ходят
50,2025-11-09 00:00:00,2025-11-09 23:59:59,canceled,трамваи не ходят
11,2025-09-13 11:30:00,2025-09-13 16:00:00,changed,трамваи идут до СФР
17,2025-09-13 11:30:00,2025-09-13 16:00:00,shortify,трамваи идут до с/х улицы (от медведково)
25,2025-09-13 11:30:00,2025-09-13 16:00:00,shortify,трамваи идут до с/х улицы
7,2025-09-20 00:00:00,2025-09-20 23:59:59,changed,трамваи идут до с/х улицы
7,2025-09-21 00:00:00,2025-09-21 23:59:59,changed,трамваи идут до с/х улицы
7,2025-09-27 00:00:00,2025-09-27 23:59:59,changed,трамваи идут до с/х улицы
7,2025-09-28 00:00:00,2025-09-28 23:59:59,changed,трамваи идут до с/х улицы