date,tavg,tmin,tmax,prcp,snow,wdir,wspd,wpgt,pres,tsun
2025-01-01 00:00:00,-1.7,-4.2,1.6,4.1,,,3.6,,1006.7,
2025-01-02 00:00:00,2.7,1.4,3.9,2.3,,,6,,990.9,
2025-01-03 00:00:00,-2.1,-6.2,2.8,2.9,,,2.9,,1001,
2025-01-04 00:00:00,-3,-3.7,-2.5,0.9,,,3.1,,1001.6,
2025-01-05 00:00:00,-4.1,-5.6,-2.8,0.3,,,3.8,,1006.9,
2025-01-06 00:00:00,-4.3,-4.8,-3.7,0,,,3.9,,1016,
2025-01-07 00:00:00,-1.7,-4.1,1.9,5.2,,,4.6,,1010.8,
2025-01-08 00:00:00,3.2,2.1,4.3,0.8,,,3.8,,1004.9,
2025-01-09 00:00:00,0.4,-1.3,1.9,0,,,3,,1011.7,
2025-01-10 00:00:00,1.6,0.3,2.9,1.8,,,6.1,,1014.5,
2025-01-11 00:00:00,3.4,1.8,4.8,5.7,,,5.8,,1008.6,
2025-01-12 00:00:00,-1.5,-3.1,0.5,0,,,2.4,,1018.2,
2025-01-13 00:00:00,-1.9,-3.1,-0.8,0.5,,,2.2,,1023.7,
2025-01-14 00:00:00,-4.2,-7.1,-1.2,2.3,,,4.4,,1016.7,
2025-01-15 00:00:00,0.1,-1.5,1.7,0.5,,,5,,1014.1,
2025-01-16 00:00:00,-0.6,-2.7,1.9,3.7,,,4.3,,1018.5,
2025-01-17 00:00:00,3,1.6,3.8,0,,,7.4,,1013.5,
2025-01-18 00:00:00,1.9,0.3,3.2,0.7,,,4.7,,1010.1,
2025-01-19 00:00:00,0.4,-0.6,1.5,0,,,6.9,,1012.2,
2025-01-20 00:00:00,1.1,-1.3,2.6,0,,,7.2,,1015.5,
2025-01-21 00:00:00,-5.2,-7.4,-1.3,0,,,5.3,,1029.6,
2025-01-22 00:00:00,-5.3,-7.7,-1.9,0.9,,,7.9,,1029.7,
2025-01-23 00:00:00,-2.5,-3.3,-2.2,0,,,5.6,,1022,
2025-01-24 00:00:00,-1.3,-2.1,-0.2,0,,,3.5,,1021.4,
2025-01-25 00:00:00,0.1,-1.3,1.3,0,,,2.9,,1021.6,
2025-01-26 00:00:00,2.5,1.4,3.5,0.7,,,3.1,,1018.2,
2025-01-27 00:00:00,4.4,3,5.5,2,,,3.9,,1013.4,
2025-01-28 00:00:00,4.7,4.2,5.3,0,,,2.9,,1015.7,
2025-01-29 00:00:00,4.3,3.8,5,0,,,3.8,,1017.2,
2025-01-30 00:00:00,5.7,4.3,7.7,0,,,2.8,,1019.3,
2025-01-31 00:00:00,4.3,3,5.9,0,,,3,,1024.3,
2025-02-01 00:00:00,3.5,2.6,4.7,1.2,,,4,,1018.6,
2025-02-02 00:00:00,1.1,-0.2,2.4,0.6,,,3.2,,1014.9,
2025-02-03 00:00:00,-0.1,-1,1,0,,,2.2,,1016.2,
2025-02-04 00:00:00,-0.8,-2.8,1.2,0,,,0.4,,1023.9,
2025-02-05 00:00:00,-1.3,-2.3,-0.2,0,,,5,,1033.4,
2025-02-06 00:00:00,-0.9,-2.2,0,0,,,3.8,,1041.5,
2025-02-07 00:00:00,-3.3,-4.5,-1.6,0,,,3.2,,1051.7,
2025-02-08 00:00:00,-3.9,-5.4,-2.7,0,,,2.8,,1052.8,
2025-02-09 00:00:00,-5.8,-7.4,-4.7,0,,,1.7,,1046.5,
2025-02-10 00:00:00,-5.4,-6.3,-4.5,0,,,3.1,,1040,
2025-02-11 00:00:00,-6.4,-6.9,-5.7,0,,,3.4,,1041.9,
2025-02-12 00:00:00,-7.1,-8.5,-5.7,0,,,3.2,,1034.5,
2025-02-13 00:00:00,-7.2,-7.8,-6.5,0,,,2.8,,1023.7,
2025-02-14 00:00:00,-5.9,-7.1,-4.6,0.2,,,2.6,,1014.2,
2025-02-15 00:00:00,-8.1,-9.5,-7,0.1,,,6.8,,1012.3,
2025-02-16 00:00:00,-9.2,-10.6,-8.3,0,,,4.9,,1011.9,
2025-02-17 00:00:00,-11,-12.6,-9,0,,,2.5,,1018.1,
2025-02-18 00:00:00,-8.1,-11.1,-5.4,0,,,1.6,,1020,
2025-02-19 00:00:00,-5.5,-7.9,-4.2,0.2,,,2.3,,1021,
2025-02-20 00:00:00,-7.6,-8.9,-6.2,0,,,3.7,,1032,
2025-02-21 00:00:00,-5.5,-8.7,-2.4,0,,,2.4,,1038.9,
2025-02-22 00:00:00,-4.2,-6.4,-1.1,0,,,2.2,,1037,
2025-02-23 00:00:00,-6.5,-10.2,-2.1,0,,,0.9,,1035.1,
2025-02-24 00:00:00,-7.7,-13.2,-2.2,0,,,3.6,,1030.4,
2025-02-25 00:00:00,-6.8,-12.6,-0.2,0,,,1,,1025.2,
2025-02-26 00:00:00,-4.2,-8.6,0.1,0,,,1.9,,1024.9,
2025-02-27 00:00:00,-3.8,-9.2,2.6,0,,,0.6,,1027.1,
2025-02-28 00:00:00,-2.5,-9.1,3.7,0,,,0.9,,1027.1,
2025-03-01 00:00:00,1,-1.7,4.7,0,,,1.7,,1025.5,
2025-03-02 00:00:00,0.2,-0.8,1.3,0.2,,,1.6,,1019.3,
2025-03-03 00:00:00,0.7,-0.7,2,0.8,,,2.3,,1009.4,
2025-03-04 00:00:00,1.8,0.7,3.4,5.2,,,3.4,,1000.3,
2025-03-05 00:00:00,1.9,1,3.2,2.3,,,6.4,,1001.1,
2025-03-06 00:00:00,4.9,1.9,7.2,1.6,,,5.1,,1000,
2025-03-07 00:00:00,7.8,3.5,9.8,0,,,7.1,,1009.3,
2025-03-08 00:00:00,4.9,-2.5,10.4,0,,,2.6,,1019.6,
2025-03-09 00:00:00,7.1,2.8,11.8,0,,,4,,1014.9,
2025-03-10 00:00:00,5.8,0.5,10,0,,,3.9,,1016.1,
2025-03-11 00:00:00,8.3,5.2,12.2,0,,,5.4,,1004.2,
2025-03-12 00:00:00,7.8,6.4,10.1,2.1,,,2.2,,1001,
2025-03-13 00:00:00,8.9,5.4,12.7,0.8,,,3.6,,1004.7,
2025-03-14 00:00:00,9.7,4.8,12.5,,,,6.9,,996.1,
2025-03-15 00:00:00,1.5,-0.4,3.9,,,,4.8,,1015.1,
2025-03-16 00:00:00,2.1,-2.3,6.5,,,,3,,1013.8,
2025-03-17 00:00:00,0.8,-1.3,2.3,,,,4.7,,1008.9,
2025-03-18 00:00:00,-1.1,-3.1,1.4,,,,7,,1015.6,
2025-03-19 00:00:00,0.6,-3.2,4.5,,,,4.7,,1019.4,
2025-03-20 00:00:00,2.1,-1.4,8.6,,,,4.7,,1022.9,
2025-03-21 00:00:00,3.8,-1,9.9,,,,4.5,,1024,
2025-03-22 00:00:00,2.2,0,4.6,0,,,5.5,,1033.6,
2025-03-23 00:00:00,1.3,-4.7,5.7,0,,,2.9,,1036.9,
2025-03-24 00:00:00,4.6,-2.4,10.7,0,,,5,,1031.9,
2025-03-25 00:00:00,4.9,3,6.7,3.9,,,6.9,,1019.7,
2025-03-26 00:00:00,3.4,1.8,5.9,0,,,1.6,,1014.4,
2025-03-27 00:00:00,5.5,2.6,7,1.9,,,1.8,,1016,
2025-03-28 00:00:00,6.6,4.1,9.6,0,,,1.8,,1019.1,
2025-03-29 00:00:00,7.1,0.1,13.1,0,,,1.8,,1022.4,
2025-03-30 00:00:00,8,1,12.7,0,,,2.6,,1019.7,
2025-03-31 00:00:00,9.8,3.3,15.9,0,,,2.9,,1020.2,
2025-04-01 00:00:00,10,8.1,13.1,8.1,,,5.2,,1019,
2025-04-02 00:00:00,9.1,6.4,12.9,5.2,,,8.8,,1017.5,
2025-04-03 00:00:00,9.3,5.8,13.8,0,,,4.9,,1016.9,
2025-04-04 00:00:00,10,4.4,16.4,0,,,5.2,,1006.3,
2025-04-05 00:00:00,4.5,2.4,6.6,0.7,,,4.9,,1004.4,
2025-04-06 00:00:00,-1.3,-2.7,1.4,12.4,,,10.4,,1007.9,
2025-04-07 00:00:00,-0.9,-2.5,0.8,12.2,,,4.5,,1007.8,
2025-04-08 00:00:00,-1.1,-2.1,-0.1,8.5,,,6.3,,1008,
2025-04-09 00:00:00,-0.9,-2.6,1.3,3.1,,,5.4,,1004.4,
2025-04-10 00:00:00,0.1,-2.3,2.5,0.5,,,3.1,,1003.6,
2025-04-11 00:00:00,2.5,0.5,4.3,0,,,2.9,,1005,
2025-04-12 00:00:00,1.9,0.1,4,1,,,5,,1008.3,
2025-04-13 00:00:00,4,0,9.2,2.2,,,2.4,,1014.8,
2025-04-14 00:00:00,7.4,-0.5,13,0,,,3.1,,1023.3,
2025-04-15 00:00:00,12.7,7.4,18,0,,,3.2,,1022.5,
2025-04-16 00:00:00,14.8,6,21.4,0,,,1.7,,1027.8,
2025-04-17 00:00:00,15.4,8.3,22.4,,,,2.6,,1025.8,
2025-04-18 00:00:00,17.1,12.1,23.8,,,,2.6,,1019.3,
2025-04-19 00:00:00,18.2,11.9,25.7,,,,2.6,,1015.5,
2025-04-20 00:00:00,17.4,11.6,25.3,,,,3.4,,1013.4,
2025-04-21 00:00:00,15.7,9.6,25.6,0,,,3.3,,1013.7,
2025-04-22 00:00:00,16.6,8.8,23.3,0,,,4.6,,1015.8,
2025-04-23 00:00:00,17.5,10.5,24.9,0,,,3.7,,1014.4,
2025-04-24 00:00:00,14.4,10.7,17.8,6.5,,,5,,1012.2,
2025-04-25 00:00:00,12.2,8.1,16.6,2.2,,,4.6,,1008.2,
2025-04-26 00:00:00,4.2,1.8,6.2,0,,,8.2,,1012.2,
2025-04-27 00:00:00,2.4,-0.1,4.9,0,,,7.9,,1019.7,
2025-04-28 00:00:00,5.4,-0.2,10.2,0,,,5.3,,1024.2,
2025-04-29 00:00:00,8.3,6.7,10.2,2.2,,,3.9,,1011.8,
2025-04-30 00:00:00,8.1,6.2,9.5,0.4,,,5.6,,1011.5,
2025-05-01 00:00:00,6.3,3.7,8.9,22.3,,,3.1,,1010.1,
2025-05-02 00:00:00,3,0.2,6.8,5.5,,,7.8,,1012.4,
2025-05-03 00:00:00,8.2,-0.1,14.7,0.3,,,2.1,,1006.2,
2025-05-04 00:00:00,12.5,6.1,18.2,5.8,,,2.2,,1001.4,
2025-05-05 00:00:00,11.9,6.9,15,1.8,,,5.1,,1002,
2025-05-06 00:00:00,6.9,2.6,11.3,0.1,,,4.2,,1013,
2025-05-07 00:00:00,9.9,4.6,13.9,0,,,2.3,,1010.3,
2025-05-08 00:00:00,7,4.6,9,0,,,4.4,,1010.5,
2025-05-09 00:00:00,6,1.8,10.3,0.6,,,2.8,,1013,
2025-05-10 00:00:00,5.6,1,8.8,0.4,,,5.7,,1011.5,
2025-05-11 00:00:00,5,3.5,7,1,,,4.2,,1009.6,
2025-05-12 00:00:00,5.5,2.9,8.8,2.4,,,2.9,,1010.7,
2025-05-13 00:00:00,6.1,1.7,9.6,8.2,,,2.9,,1008.6,
2025-05-14 00:00:00,8.8,5.3,13.6,1.2,,,2.6,,1005.5,
2025-05-15 00:00:00,11.9,3.7,17.8,0.3,,,2,,1007.2,
2025-05-16 00:00:00,16.4,10.7,22.6,0.2,,,2.9,,1014.5,
2025-05-17 00:00:00,16.1,10.1,20.6,0,,,3.3,,1016.2,
2025-05-18 00:00:00,16,12,19.9,3.2,,,5.1,,1009.3,
2025-05-19 00:00:00,13,11.5,14.6,3.2,,,2.2,,1004.2,
2025-05-20 00:00:00,12.1,9.8,16.7,6.9,,,3.6,,1000.7,
2025-05-21 00:00:00,14.4,10.8,19.4,0.8,,,3.3,,1002.4,
2025-05-22 00:00:00,15.7,7.2,22.8,0,,,1.7,,1012.5,
2025-05-23 00:00:00,19.2,12,24.7,0,,,2.5,,1016.6,
2025-05-24 00:00:00,20.8,12.7,26.9,0,,,2.7,,1018.6,
2025-05-25 00:00:00,21.3,13,27.4,0,,,3,,1019.7,
2025-05-26 00:00:00,22,14.3,27.6,0,,,4.5,,1020,
2025-05-27 00:00:00,22.1,18,25.6,0,,,5.1,,1019.8,
2025-05-28 00:00:00,21.8,14.2,27.1,0,,,4.1,,1019,
2025-05-29 00:00:00,22.6,14,28.9,0,,,3.6,,1015.2,
2025-05-30 00:00:00,21.7,18.8,24.1,0,,,2.9,,1011.6,
2025-05-31 00:00:00,20,17,24.3,4.4,,,1.5,,1009.5,
2025-06-01 00:00:00,16.9,13.4,20,0.3,,,4.3,,1010.3,
2025-06-02 00:00:00,17,9.9,21.8,0,,,3.4,,1014.1,
2025-06-03 00:00:00,18.8,15.4,22.3,0.4,,,2.4,,1010.6,
2025-06-04 00:00:00,18.2,15.2,22,0,,,5.7,,1011.7,
2025-06-05 00:00:00,19.3,12.9,24.5,0,,,2.7,,1016.5,
2025-06-06 00:00:00,20.9,16.1,25.2,4.6,,,2.4,,1012.6,
2025-06-07 00:00:00,22.1,17.1,26.8,6.7,,,1.6,,1012,
2025-06-08 00:00:00,22,17.4,26.7,0.8,,,1.8,,1011.6,
2025-06-09 00:00:00,22.5,17.5,27.2,2.1,,,2.8,,1007.9,
2025-06-10 00:00:00,17.1,13.9,19.9,0,,,3.8,,1014.2,
2025-06-11 00:00:00,15.8,11.2,19.3,0,,,1.4,,1016.3,
2025-06-12 00:00:00,17.2,12.5,20.9,0.3,,,2.5,,1012.4,
2025-06-13 00:00:00,16.7,14.3,20.5,6.6,,,6.9,,1008.4,
2025-06-14 00:00:00,14.6,13.1,17,14.6,,,9.2,,1008.4,
2025-06-15 00:00:00,14.8,13,16.8,6.2,,,7.1,,1009.2,
2025-06-16 00:00:00,19.2,13.6,24.7,0.2,,,3.8,,1007.8,
2025-06-17 00:00:00,18,14.2,22.3,5,,,2.2,,1007.6,
2025-06-18 00:00:00,16.6,14.5,18.9,3,,,2.1,,1004.8,
2025-06-19 00:00:00,15.2,13.7,17.5,1.8,,,3.4,,999.4,
2025-06-20 00:00:00,13.4,12,15.3,4.4,,,4.6,,999.4,
2025-06-21 00:00:00,13.9,11,16.9,0,,,8.2,,1008.2,
2025-06-22 00:00:00,13.4,8.2,16.1,3.1,,,1.9,,1009.1,
2025-06-23 00:00:00,15.8,12,19.6,0,,,2.6,,1010.8,
2025-06-24 00:00:00,16.8,10.1,21.8,2,,,2.7,,1006.7,
2025-06-25 00:00:00,16.5,13.9,19.5,3.7,,,3.3,,999.7,
2025-06-26 00:00:00,15.9,14.1,19.1,0.5,,,5.4,,998.4,
2025-06-27 00:00:00,14.8,11.8,18,0.3,,,6.7,,1007.1,
2025-06-28 00:00:00,16.8,10.2,21.8,0,,,1.7,,1006.7,
2025-06-29 00:00:00,16.3,13.2,20.2,10.3,,,2,,1001.3,
2025-06-30 00:00:00,12.2,10.8,14.1,6.6,,,4.4,,989.3,
2025-07-01 00:00:00,12.9,11.4,13.9,10.2,,,9,,995.8,
2025-07-02 00:00:00,15.4,12.5,18.6,3.9,,,7.5,,1005.6,
2025-07-03 00:00:00,20.2,14.8,25.6,0,,,5.7,,1010.8,
2025-07-04 00:00:00,21.2,16.9,26.2,1.7,,,3.1,,1010.5,
2025-07-05 00:00:00,17.3,13.9,20.8,0,,,3.5,,1013.4,
2025-07-06 00:00:00,17.1,11.5,21.5,0,,,1.8,,1013.5,
2025-07-07 00:00:00,22.9,17.3,27.6,0,,,2.4,,1010.1,
2025-07-08 00:00:00,25,18.2,32.5,14.8,,,2.4,,1006.7,
2025-07-09 00:00:00,24.7,20.6,30,4.8,,,2.3,,1009.9,
2025-07-10 00:00:00,27.6,20.8,33.7,0,,,3.3,,1011.3,
2025-07-11 00:00:00,27.9,20.7,34.1,0,,,3.2,,1013.7,
2025-07-12 00:00:00,26.7,20.6,34.6,0.7,,,2.8,,1016.5,
2025-07-13 00:00:00,24.3,19.7,28.9,17.5,,,2.3,,1016.5,
2025-07-14 00:00:00,23.7,20.2,29.8,2.6,,,3.1,,1013,
2025-07-15 00:00:00,20.5,18.2,24.5,13,,,1.9,,1008.8,
2025-07-16 00:00:00,19.8,17.7,24.3,11,,,2.1,,1006.4,
2025-07-17 00:00:00,20.7,17.2,25.3,3.8,,,1.4,,1008.5,
2025-07-18 00:00:00,21.4,15.1,26.3,0,,,3.6,,1013.5,
2025-07-19 00:00:00,20.8,16,25.5,1.1,,,4.2,,1014.7,
2025-07-20 00:00:00,21.1,18.5,24.2,3.1,,,3.6,,1009.4,
2025-07-21 00:00:00,19.2,17.5,21.3,27.1,,,3.4,,1005.9,
2025-07-22 00:00:00,19.7,17.8,24.8,2.4,,,2.4,,1004.3,
2025-07-23 00:00:00,20.6,17.5,24.1,1.4,,,2.9,,1004.1,
2025-07-24 00:00:00,21,17.4,25,3.7,,,2.5,,1006.9,
2025-07-25 00:00:00,22.8,17.7,27.5,0,,,2.4,,1011.1,
2025-07-26 00:00:00,21,14.7,26.1,0,,,2.1,,1013.4,
2025-07-27 00:00:00,21.5,14.6,27.1,0,,,1.9,,1013.7,
2025-07-28 00:00:00,23.1,17.2,28.5,0,,,1.6,,1013.6,
2025-07-29 00:00:00,23.8,17.8,29.4,0,,,2,,1013.7,
2025-07-30 00:00:00,24.1,18.3,29.1,0,,,2.1,,1013.3,
2025-07-31 00:00:00,23.9,19.1,29,0.2,,,1.9,,1009.8,
2025-08-01 00:00:00,21.9,19.2,25.4,10.2,,,2.7,,1007.7,
2025-08-02 00:00:00,20.4,18.3,23.1,1,,,2.8,,1011.8,
2025-08-03 00:00:00,21.3,16.2,26.6,0.1,,,2.4,,1017.8,
2025-08-04 00:00:00,20.1,18.5,22.8,11.5,,,2.6,,1015,
2025-08-05 00:00:00,20.2,18.6,23.2,6.9,,,2.5,,1008.9,
2025-08-06 00:00:00,21.3,17.5,25.4,0,,,2.7,,1012.6,
2025-08-07 00:00:00,17.7,15.4,19.9,4.8,,,2.4,,1015,
2025-08-08 00:00:00,17.4,13,21.4,0,,,2.6,,1018.2,
2025-08-09 00:00:00,15.8,13.2,19.7,4.9,,,1.1,,1017.3,
2025-08-10 00:00:00,17.4,12.5,22.6,0,,,2.3,,1016.3,
2025-08-11 00:00:00,16.8,14,19.7,12.4,,,1.4,,1011.2,
2025-08-12 00:00:00,16.7,14.4,19.7,3.9,,,3.7,,1013.3,
2025-08-13 00:00:00,17,13.4,21.4,0.2,,,4,,1016.5,
2025-08-14 00:00:00,15.6,12.2,18.5,0.2,,,5.3,,1017.7,
2025-08-15 00:00:00,19.2,15.1,23.6,0,,,6.4,,1019.4,
2025-08-16 00:00:00,18.7,12.4,22.9,0.6,,,2,,1012.1,
2025-08-17 00:00:00,17.4,13.1,20.7,0,,,2.6,,1004.3,
2025-08-18 00:00:00,13.9,10.6,16.9,0.7,,,1.9,,1006.1,
2025-08-19 00:00:00,16.6,14.1,19.8,0.3,,,3.9,,1006.6,
2025-08-20 00:00:00,17.3,13.2,21.6,4.7,,,1.6,,1005,
2025-08-21 00:00:00,13.9,11.1,16.2,11.8,,,3.3,,1006.3,
2025-08-22 00:00:00,13.3,8.4,16.9,0,,,2,,1010.7,
2025-08-23 00:00:00,13.2,11.6,16.3,0,,,3.5,,1004.6,
2025-08-24 00:00:00,13.8,8.9,18.9,0.2,,,1.3,,1004.1,
2025-08-25 00:00:00,12.6,8.4,15.3,1.5,,,1.9,,1005,
2025-08-26 00:00:00,12.3,10.3,16.2,1.4,,,2.4,,1007.7,
2025-08-27 00:00:00,12.8,8.5,16.9,0.5,,,2.4,,1011.6,
2025-08-28 00:00:00,14.1,9.3,19.1,0.1,,,2.1,,1017.8,
2025-08-29 00:00:00,15.1,12.2,18.7,1,,,1.1,,1017.3,
2025-08-30 00:00:00,22,15.4,28.8,0,,,3.1,,1012.9,
2025-08-31 00:00:00,21.8,14,28.6,0,,,0.8,,1012.7,
2025-09-01 00:00:00,18,14.5,21.2,0,,,4.7,,1009.2,
2025-09-02 00:00:00,15,13.7,17.2,0,,,7.4,,1011.7,
2025-09-03 00:00:00,14.9,12.7,18.1,0,,,5.3,,1016.4,
2025-09-04 00:00:00,14.8,11.8,18.5,0,,,4.1,,1020.1,
2025-09-05 00:00:00,16,10.6,20.2,0,,,2.2,,1022.7,
2025-09-06 00:00:00,16.3,10.2,21.6,0,,,2.2,,1025,
2025-09-07 00:00:00,17.9,12.7,22.5,0,,,2.9,,1026.8,
2025-09-08 00:00:00,16.7,11.3,22.2,0,,,1.7,,1026.8,
2025-09-09 00:00:00,17,11.1,23.4,0,,,1.8,,1027.3,
2025-09-10 00:00:00,14.7,9.1,20.7,0,,,1.4,,1030.9,
2025-09-11 00:00:00,14.7,7.7,21.7,0,,,1.5,,1030.1,
2025-09-12 00:00:00,14.5,10.3,17.5,0,,,2.1,,1031.2,
2025-09-13 00:00:00,12.5,6.5,18.3,0,,,1.7,,1034.2,
2025-09-14 00:00:00,12.9,6.6,19.1,0,,,1.6,,1032.8,
2025-09-15 00:00:00,15,7.4,22.5,0,,,1.6,,1026.8,
2025-09-16 00:00:00,16.6,10.5,23,0,,,2.4,,1021.5,
2025-09-17 00:00:00,16.1,11.8,21.5,0,,,2.3,,1016.8,
2025-09-18 00:00:00,14.5,9.6,20.7,0,,,2,,1015.7,
2025-09-19 00:00:00,13.3,10.8,15.3,2.3,,,2.2,,1013.4,
2025-09-20 00:00:00,13.6,12.3,16.3,0.4,,,3.9,,1015,
2025-09-21 00:00:00,16.9,14,21.4,0,,,2,,1014.8,
2025-09-22 00:00:00,20.6,15.4,26.6,0,,,1.7,,1011.8,
2025-09-23 00:00:00,15.4,9.9,21.3,1.2,,,1.9,,1013.1,
2025-09-24 00:00:00,8.5,6.5,10.5,0.3,,,3.9,,1017.9,
2025-09-25 00:00:00,7.6,5.7,9.7,0,,,5.3,,1024.3,
2025-09-26 00:00:00,8.8,2.9,13.7,0,,,3.1,,1029.4,
2025-09-27 00:00:00,9.4,8,11.2,2.5,,,2.5,,1026.2,
2025-09-28 00:00:00,7.3,5.2,9.1,1.1,,,5.1,,1029.8,
2025-09-29 00:00:00,6.6,4.2,9,0,,,3.6,,1037,
2025-09-30 00:00:00,4.8,-0.2,10.8,0,,,1.5,,1038.8,
2025-10-01 00:00:00,5.9,0,12.7,0,,,2,,1035.7,
2025-10-02 00:00:00,8.4,3.1,13.5,0,,,1.9,,1031.7,
2025-10-03 00:00:00,8.9,5.5,13.2,1.5,,,1.7,,1031.1,
2025-10-04 00:00:00,9.7,3.7,15.2,0,,,3.1,,1026.3,
2025-10-05 00:00:00,10.3,7.8,12.7,2.5,,,4,,1013.2,
2025-10-06 00:00:00,11.1,10.1,12.5,3,,,0.2,,1013.9,
2025-10-07 00:00:00,10.9,10.1,11.8,1,,,0.2,,1021.2,
2025-10-08 00:00:00,11.5,9.9,13.7,0,,,0.3,,1022.8,
2025-10-09 00:00:00,10.8,7.7,14,0.1,,,2,,1017.4,
2025-10-10 00:00:00,9.7,8.7,10.6,2.3,,,2.1,,1008.5,
2025-10-11 00:00:00,10.1,8.6,13.5,1.2,,,2.4,,1007.2,
2025-10-12 00:00:00,7.4,5.8,8.8,2,,,3.1,,1004.6,
2025-10-13 00:00:00,4.6,3.5,6,20.3,,,5.1,,999.4,
2025-10-14 00:00:00,4.6,3.6,6.4,4.4,,,3.1,,1007.4,
2025-10-15 00:00:00,3.7,2.2,4.8,4.8,,,1.8,,1011.9,
2025-10-16 00:00:00,4.7,1.9,6.6,0,,,2,,1015.6,
2025-10-17 00:00:00,8.2,6.3,10,4.1,,,3.3,,1013,
2025-10-18 00:00:00,6.2,4.8,8.4,0.5,,,2.7,,1018.1,
2025-10-19 00:00:00,5.2,4,6.4,0,,,2.6,,1019.5,
2025-10-20 00:00:00,5.9,4.5,7.6,0,,,4.5,,1017.7,
2025-10-21 00:00:00,4.3,3.2,4.8,1.1,,,4.7,,1016.4,
2025-10-22 00:00:00,4.9,3.8,6.1,0,,,2.7,,1019.6,
2025-10-23 00:00:00,5.2,3,7.3,0,,,1.7,,1017.8,
2025-10-24 00:00:00,7.6,5.5,10.5,2,,,4.8,,1012.3,
2025-10-25 00:00:00,9.5,8.6,11.2,0.3,,,6.1,,1005.7,
2025-10-26 00:00:00,8,6.7,8.6,2.3,,,4.4,,1002.9,
2025-10-27 00:00:00,7.3,4.7,9.1,2.3,,,4.7,,1004.9,
2025-10-28 00:00:00,6.5,5.5,7.4,5.8,,,2.7,,999.7,
2025-10-29 00:00:00,6.5,5.6,8,1.5,,,2,,1004.6,
2025-10-30 00:00:00,6.3,5.3,7.9,0.2,,,1.8,,1013.2,
2025-10-31 00:00:00,6.1,5.3,6.9,8.5,,,4.1,,1008.7,
2025-11-01 00:00:00,5.6,4.1,7.2,0,,,3.7,,1017.1,
2025-11-02 00:00:00,5.4,3.9,7.8,0,,,1.5,,1025.1,
2025-11-03 00:00:00,6.5,4.4,8.7,1.8,,,5.1,,1021.2,
2025-11-04 00:00:00,8.5,6.5,9.3,4.9,,,3.2,,1018.2,
2025-11-05 00:00:00,6.8,4,9,0,,,2.1,,1026.1,
2025-11-06 00:00:00,8.1,6.7,9.3,2.1,,,3.6,,1020.3,
2025-11-07 00:00:00,8.9,8,10.1,1.8,,,3.8,,1017.5,
2025-11-08 00:00:00,9.5,8.7,10.7,0.1,,,4.5,,1017.1,
2025-11-09 00:00:00,6.5,4.2,8.4,0,,,2.3,,1017.7,
2025-11-10 00:00:00,3.5,2.2,4.7,0,,,2.8,,1015.2,
2025-11-11 00:00:00,4.3,3.2,5.8,0,,,1.3,,1016.7,
2025-11-12 00:00:00,3.9,3.2,4.4,0.9,,,4.4,,1018.9,
2025-11-13 00:00:00,5.4,3.9,6.9,0,,,2.3,,1016.2,
2025-11-14 00:00:00,6.2,5.2,7.2,0.6,,,5.4,,1008.4,
2025-11-15 00:00:00,1.3,-1.2,5.8,15.6,,,3.2,,1007.6,
2025-11-16 00:00:00,-2.2,-4.2,-0.3,0,,,3.8,,1018.8,
2025-11-17 00:00:00,0.4,-2.4,3.9,2.3,,,5.1,,1009.5,
2025-11-18 00:00:00,5.8,1.4,9.8,10.8,,,5.5,,999.4,
2025-11-19 00:00:00,0.7,-0.5,1.7,0,,,3.8,,1015.8,
2025-11-20 00:00:00,0.3,-0.8,1.6,0,,,3.3,,1022.6,
2025-11-21 00:00:00,0.5,-1.4,2.3,0.6,,,3.9,,1021,
2025-11-22 00:00:00,1.8,0.6,2.5,2.8,,,2.5,,1017.7,
2025-11-23 00:00:00,0.1,-0.7,1.2,0.2,,,3.3,,1023.3,
2025-11-24 00:00:00,1.7,-0.7,6.5,9.8,,,6,,1008.2,
2025-11-25 00:00:00,1,0.1,1.8,0,,,3.6,,1015.3,
2025-11-26 00:00:00,1.6,0.6,2.1,7.2,,,1.9,,1018.6,
2025-11-27 00:00:00,4.1,1.8,5.6,3.9,,,3.2,,1018.2,
2025-11-28 00:00:00,3.7,1.8,6.2,6.4,,,3.4,,1019.1,
2025-11-29 00:00:00,0.8,0.3,1.4,0,,,3.1,,1022.9,
2025-11-30 00:00:00,3.1,1.7,5.1,0.6,,,1.5,,1023.1,
2025-12-01 00:00:00,1.4,0.4,3.3,0,,,3.4,,1024.7,
2025-12-02 00:00:00,1,0.1,1.7,0,,,1.5,,1026.1,
2025-12-03 00:00:00,1.6,1.1,2.2,0,,,0.8,,1029.7,
2025-12-04 00:00:00,2.5,1.3,4.1,0,,,1.4,,1029.6,
2025-12-05 00:00:00,2.8,2.4,3.4,0,,,1.8,,1028.5,
2025-12-06 00:00:00,3,1.9,4,0,,,1.6,,1029.3,
2025-12-07 00:00:00,1.7,0.7,2.8,0,,,2.8,,1028,
2025-12-08 00:00:00,0.8,0.3,1.4,0,,,4.6,,1027.6,
2025-12-09 00:00:00,0.1,-0.3,0.7,0,,,5.6,,1021.8,
2025-12-10 00:00:00,0.2,-1,1.3,1.8,,,3.2,,1015.5,
2025-12-11 00:00:00,2.7,1,3.9,3.2,,,3.2,,1009.9,
2025-12-12 00:00:00,2.3,-3.5,5.3,3.5,,,6.4,,1004,
2025-12-13 00:00:00,-4.9,-5.5,-3.8,0.3,,,9.8,,1016.1,
2025-12-14 00:00:00,-6,-7.4,-5.1,0.4,,,6.6,,1018.4,
2025-12-15 00:00:00,-6.4,-8.9,-4.3,0,,,2.3,,1016.6,
2025-12-16 00:00:00,-1.1,-5.1,1.8,2.4,,,3,,1018.8,
2025-12-17 00:00:00,2,0.9,2.7,0,,,3.2,,1021,
2025-12-18 00:00:00,0.8,0.4,1.5,0,,,3.9,,1019.2,
2025-12-19 00:00:00,0.5,-0.7,2.1,0,,,3.9,,1024.9,
2025-12-20 00:00:00,-0.2,-1.2,0.7,0,,,3.8,,1020.8,
2025-12-21 00:00:00,0.7,-0.2,1.3,0.6,,,3.5,,1012.8,
2025-12-22 00:00:00,-0.3,-5,1.8,1.2,,,6.7,,1009.3,
2025-12-23 00:00:00,-11.6,-14.9,-6,0,,,9.2,,1024.2,
2025-12-24 00:00:00,-11.8,-16.1,-6.3,0.2,,,3.6,,1029,
2025-12-25 00:00:00,-2.7,-5.5,-1,3.5,,,4.5,,1019.7,
2025-12-26 00:00:00,0.4,-1.1,1,7.5,,,8.3,,999.4,
2025-12-27 00:00:00,-0.4,-1.7,0.6,0.6,,,6.2,,1001.4,
2025-12-28 00:00:00,-2.2,-2.6,-1.6,1.7,,,4.3,,993,
2025-12-29 00:00:00,-3.2,-4.1,-2.7,1.1,,,2.7,,995.8,
2025-12-30 00:00:00,-4.3,-4.9,-3.8,3.7,,,3,,989.1,
2025-12-31 00:00:00,-6.3,-8,-4.4,2,,,4.4,,990.7,
