date,weekday,weekday_num,is_weekend_base,day_status,is_day_off,is_official_holiday,holiday_name,is_transferred_day_off,transfer_from_date,is_transferred_workday,transfer_to_date,is_shortened_workday,is_informal_event,event_names,availability_type,known_from,source_doc
2025-01-01,Ср,3,0,official_holiday,1,1,Новогодние каникулы,0,,0,,0,0,Новогодние каникулы,statutory_recurring,2004-12-31,ФЗ №201-ФЗ / ст. 112 ТК РФ
2025-01-02,Чт,4,0,official_holiday,1,1,Новогодние каникулы,0,,0,,0,0,Новогодние каникулы,statutory_recurring,2004-12-31,ФЗ №201-ФЗ / ст. 112 ТК РФ
2025-01-03,Пт,5,0,official_holiday,1,1,Новогодние каникулы,0,,0,,0,0,Новогодние каникулы,statutory_recurring,2004-12-31,ФЗ №201-ФЗ / ст. 112 ТК РФ
2025-01-04,Сб,6,1,official_holiday,1,1,Новогодние каникулы,0,,0,,0,0,Новогодние каникулы,statutory_recurring,2004-12-31,ФЗ №201-ФЗ / ст. 112 ТК РФ
2025-01-05,Вс,7,1,official_holiday,1,1,Новогодние каникулы,0,,0,,0,0,Новогодние каникулы,statutory_recurring,2004-12-31,ФЗ №201-ФЗ / ст. 112 ТК РФ
2025-01-06,Пн,1,0,official_holiday,1,1,Новогодние каникулы,0,,0,,0,0,Новогодние каникулы,statutory_recurring,2012-04-24,ФЗ №35-ФЗ / ст. 112 ТК РФ
2025-01-07,Вт,2,0,official_holiday,1,1,Рождество Христово,0,,0,,0,0,Рождество Христово,statutory_recurring,2004-12-31,ФЗ №201-ФЗ / ст. 112 ТК РФ
2025-01-08,Ср,3,0,official_holiday,1,1,Новогодние каникулы,0,,0,,0,0,Новогодние каникулы,statutory_recurring,2012-04-24,ФЗ №35-ФЗ / ст. 112 ТК РФ
2025-01-09,Чт,4,0,workday,0,0,,0,,0,,0,0,,,,
2025-01-10,Пт,5,0,workday,0,0,,0,,0,,0,0,,,,
2025-01-11,Сб,6,1,weekend,1,0,,0,,0,,0,0,,,,
2025-01-12,Вс,7,1,weekend,1,0,,0,,0,,0,0,,,,
2025-01-13,Пн,1,0,workday,0,0,,0,,0,,0,0,,,,
2025-01-14,Вт,2,0,workday,0,0,,0,,0,,0,1,Старый Новый год,deterministic_recurring,,Календарная фиксированная дата (не федеральный нерабочий праздник)
2025-01-15,Ср,3,0,workday,0,0,,0,,0,,0,0,,,,
2025-01-16,Чт,4,0,workday,0,0,,0,,0,,0,0,,,,
2025-01-17,Пт,5,0,workday,0,0,,0,,0,,0,0,,,,
2025-01-18,Сб,6,1,weekend,1,0,,0,,0,,0,0,,,,
2025-01-19,Вс,7,1,weekend,1,0,,0,,0,,0,0,,,,
2025-01-20,Пн,1,0,workday,0,0,,0,,0,,0,0,,,,
2025-01-21,Вт,2,0,workday,0,0,,0,,0,,0,0,,,,
2025-01-22,Ср,3,0,workday,0,0,,0,,0,,0,0,,,,
2025-01-23,Чт,4,0,workday,0,0,,0,,0,,0,0,,,,
2025-01-24,Пт,5,0,workday,0,0,,0,,0,,0,0,,,,
2025-01-25,Сб,6,1,weekend,1,0,,0,,0,,0,0,,,,
2025-01-26,Вс,7,1,weekend,1,0,,0,,0,,0,0,,,,
2025-01-27,Пн,1,0,workday,0,0,,0,,0,,0,0,,,,
2025-01-28,Вт,2,0,workday,0,0,,0,,0,,0,0,,,,
2025-01-29,Ср,3,0,workday,0,0,,0,,0,,0,0,,,,
2025-01-30,Чт,4,0,workday,0,0,,0,,0,,0,0,,,,
2025-01-31,Пт,5,0,workday,0,0,,0,,0,,0,0,,,,
2025-02-01,Сб,6,1,weekend,1,0,,0,,0,,0,0,,,,
2025-02-02,Вс,7,1,weekend,1,0,,0,,0,,0,0,,,,
2025-02-03,Пн,1,0,workday,0,0,,0,,0,,0,0,,,,
2025-02-04,Вт,2,0,workday,0,0,,0,,0,,0,0,,,,
2025-02-05,Ср,3,0,workday,0,0,,0,,0,,0,0,,,,
2025-02-06,Чт,4,0,workday,0,0,,0,,0,,0,0,,,,
2025-02-07,Пт,5,0,workday,0,0,,0,,0,,0,0,,,,
2025-02-08,Сб,6,1,weekend,1,0,,0,,0,,0,0,,,,
2025-02-09,Вс,7,1,weekend,1,0,,0,,0,,0,0,,,,
2025-02-10,Пн,1,0,workday,0,0,,0,,0,,0,0,,,,
2025-02-11,Вт,2,0,workday,0,0,,0,,0,,0,0,,,,
2025-02-12,Ср,3,0,workday,0,0,,0,,0,,0,0,,,,
2025-02-13,Чт,4,0,workday,0,0,,0,,0,,0,0,,,,
2025-02-14,Пт,5,0,workday,0,0,,0,,0,,0,1,День святого Валентина,deterministic_recurring,,Календарная фиксированная дата (не федеральный нерабочий праздник)
2025-02-15,Сб,6,1,weekend,1,0,,0,,0,,0,0,,,,
2025-02-16,Вс,7,1,weekend,1,0,,0,,0,,0,0,,,,
2025-02-17,Пн,1,0,workday,0,0,,0,,0,,0,0,,,,
2025-02-18,Вт,2,0,workday,0,0,,0,,0,,0,0,,,,
2025-02-19,Ср,3,0,workday,0,0,,0,,0,,0,0,,,,
2025-02-20,Чт,4,0,workday,0,0,,0,,0,,0,0,,,,
2025-02-21,Пт,5,0,workday,0,0,,0,,0,,0,0,,,,
2025-02-22,Сб,6,1,weekend,1,0,,0,,0,,0,0,,,,
2025-02-23,Вс,7,1,official_holiday,1,1,День защитника Отечества,0,,0,,0,0,День защитника Отечества,statutory_recurring,2004-12-31,ФЗ №201-ФЗ / ст. 112 ТК РФ
2025-02-24,Пн,1,0,workday,0,0,,0,,0,,0,0,,,,
2025-02-25,Вт,2,0,workday,0,0,,0,,0,,0,0,,,,
2025-02-26,Ср,3,0,workday,0,0,,0,,0,,0,0,,,,
2025-02-27,Чт,4,0,workday,0,0,,0,,0,,0,0,,,,
2025-02-28,Пт,5,0,workday,0,0,,0,,0,,0,0,,,,
2025-03-01,Сб,6,1,weekend,1,0,,0,,0,,0,0,,,,
2025-03-02,Вс,7,1,weekend,1,0,,0,,0,,0,0,,,,
2025-03-03,Пн,1,0,workday,0,0,,0,,0,,0,0,,,,
2025-03-04,Вт,2,0,workday,0,0,,0,,0,,0,0,,,,
2025-03-05,Ср,3,0,workday,0,0,,0,,0,,0,0,,,,
2025-03-06,Чт,4,0,workday,0,0,,0,,0,,0,0,,,,
2025-03-07,Пт,5,0,shortened_workday,0,0,,0,,0,,1,0,Предпраздничный сокращённый день,derived_statutory,2004-12-31,Ст. 95 ТК РФ + производственный календарь 2025
2025-03-08,Сб,6,1,official_holiday,1,1,Международный женский день,0,,0,,0,0,Международный женский день,statutory_recurring,2004-12-31,ФЗ №201-ФЗ / ст. 112 ТК РФ
2025-03-09,Вс,7,1,weekend,1,0,,0,,0,,0,0,,,,
2025-03-10,Пн,1,0,workday,0,0,,0,,0,,0,0,,,,
2025-03-11,Вт,2,0,workday,0,0,,0,,0,,0,0,,,,
2025-03-12,Ср,3,0,workday,0,0,,0,,0,,0,0,,,,
2025-03-13,Чт,4,0,workday,0,0,,0,,0,,0,0,,,,
2025-03-14,Пт,5,0,workday,0,0,,0,,0,,0,0,,,,
2025-03-15,Сб,6,1,weekend,1,0,,0,,0,,0,0,,,,
2025-03-16,Вс,7,1,weekend,1,0,,0,,0,,0,0,,,,
2025-03-17,Пн,1,0,workday,0,0,,0,,0,,0,0,,,,
2025-03-18,Вт,2,0,workday,0,0,,0,,0,,0,0,,,,
2025-03-19,Ср,3,0,workday,0,0,,0,,0,,0,0,,,,
2025-03-20,Чт,4,0,workday,0,0,,0,,0,,0,0,,,,
2025-03-21,Пт,5,0,workday,0,0,,0,,0,,0,0,,,,
2025-03-22,Сб,6,1,weekend,1,0,,0,,0,,0,0,,,,
2025-03-23,Вс,7,1,weekend,1,0,,0,,0,,0,0,,,,
2025-03-24,Пн,1,0,workday,0,0,,0,,0,,0,0,,,,
2025-03-25,Вт,2,0,workday,0,0,,0,,0,,0,0,,,,
2025-03-26,Ср,3,0,workday,0,0,,0,,0,,0,0,,,,
2025-03-27,Чт,4,0,workday,0,0,,0,,0,,0,0,,,,
2025-03-28,Пт,5,0,workday,0,0,,0,,0,,0,0,,,,
2025-03-29,Сб,6,1,weekend,1,0,,0,,0,,0,0,,,,
2025-03-30,Вс,7,1,weekend,1,0,,0,,0,,0,0,,,,
2025-03-31,Пн,1,0,workday,0,0,,0,,0,,0,0,,,,
2025-04-01,Вт,2,0,workday,0,0,,0,,0,,0,1,День смеха,deterministic_recurring,,Календарная фиксированная дата (не федеральный нерабочий праздник)
2025-04-02,Ср,3,0,workday,0,0,,0,,0,,0,0,,,,
2025-04-03,Чт,4,0,workday,0,0,,0,,0,,0,0,,,,
2025-04-04,Пт,5,0,workday,0,0,,0,,0,,0,0,,,,
2025-04-05,Сб,6,1,weekend,1,0,,0,,0,,0,0,,,,
2025-04-06,Вс,7,1,weekend,1,0,,0,,0,,0,0,,,,
2025-04-07,Пн,1,0,workday,0,0,,0,,0,,0,0,,,,
2025-04-08,Вт,2,0,workday,0,0,,0,,0,,0,0,,,,
2025-04-09,Ср,3,0,workday,0,0,,0,,0,,0,0,,,,
2025-04-10,Чт,4,0,workday,0,0,,0,,0,,0,0,,,,
2025-04-11,Пт,5,0,workday,0,0,,0,,0,,0,0,,,,
2025-04-12,Сб,6,1,weekend,1,0,,0,,0,,0,0,,,,
2025-04-13,Вс,7,1,weekend,1,0,,0,,0,,0,0,,,,
2025-04-14,Пн,1,0,workday,0,0,,0,,0,,0,0,,,,
2025-04-15,Вт,2,0,workday,0,0,,0,,0,,0,0,,,,
2025-04-16,Ср,3,0,workday,0,0,,0,,0,,0,0,,,,
2025-04-17,Чт,4,0,workday,0,0,,0,,0,,0,0,,,,
2025-04-18,Пт,5,0,workday,0,0,,0,,0,,0,0,,,,
2025-04-19,Сб,6,1,weekend,1,0,,0,,0,,0,0,,,,
2025-04-20,Вс,7,1,weekend,1,0,,0,,0,,0,0,,,,
2025-04-21,Пн,1,0,workday,0,0,,0,,0,,0,0,,,,
2025-04-22,Вт,2,0,workday,0,0,,0,,0,,0,0,,,,
2025-04-23,Ср,3,0,workday,0,0,,0,,0,,0,0,,,,
2025-04-24,Чт,4,0,workday,0,0,,0,,0,,0,0,,,,
2025-04-25,Пт,5,0,workday,0,0,,0,,0,,0,0,,,,
2025-04-26,Сб,6,1,weekend,1,0,,0,,0,,0,0,,,,
2025-04-27,Вс,7,1,weekend,1,0,,0,,0,,0,0,,,,
2025-04-28,Пн,1,0,workday,0,0,,0,,0,,0,0,,,,
2025-04-29,Вт,2,0,workday,0,0,,0,,0,,0,0,,,,
2025-04-30,Ср,3,0,shortened_workday,0,0,,0,,0,,1,0,Предпраздничный сокращённый день,derived_statutory,2004-12-31,Ст. 95 ТК РФ + производственный календарь 2025
2025-05-01,Чт,4,0,official_holiday,1,1,Праздник Весны и Труда,0,,0,,0,0,Праздник Весны и Труда,statutory_recurring,2004-12-31,ФЗ №201-ФЗ / ст. 112 ТК РФ
2025-05-02,Пт,5,0,transferred_day_off,1,0,,1,2025-01-04,0,,0,0,Перенесённый выходной,annual_decree,2024-10-04,Постановление Правительства РФ №1335 от 04.10.2024
2025-05-03,Сб,6,1,weekend,1,0,,0,,0,,0,0,,,,
2025-05-04,Вс,7,1,weekend,1,0,,0,,0,,0,0,,,,
2025-05-05,Пн,1,0,workday,0,0,,0,,0,,0,0,,,,
2025-05-06,Вт,2,0,workday,0,0,,0,,0,,0,0,,,,
2025-05-07,Ср,3,0,workday,0,0,,0,,0,,0,0,,,,
2025-05-08,Чт,4,0,transferred_day_off,1,0,,1,2025-02-23,0,,0,0,Перенесённый выходной,annual_decree,2024-10-04,Постановление Правительства РФ №1335 от 04.10.2024
2025-05-09,Пт,5,0,official_holiday,1,1,День Победы,0,,0,,0,0,День Победы,statutory_recurring,2004-12-31,ФЗ №201-ФЗ / ст. 112 ТК РФ
2025-05-10,Сб,6,1,weekend,1,0,,0,,0,,0,0,,,,
2025-05-11,Вс,7,1,weekend,1,0,,0,,0,,0,0,,,,
2025-05-12,Пн,1,0,workday,0,0,,0,,0,,0,0,,,,
2025-05-13,Вт,2,0,workday,0,0,,0,,0,,0,0,,,,
2025-05-14,Ср,3,0,workday,0,0,,0,,0,,0,0,,,,
2025-05-15,Чт,4,0,workday,0,0,,0,,0,,0,0,,,,
2025-05-16,Пт,5,0,workday,0,0,,0,,0,,0,0,,,,
2025-05-17,Сб,6,1,weekend,1,0,,0,,0,,0,0,,,,
2025-05-18,Вс,7,1,weekend,1,0,,0,,0,,0,0,,,,
2025-05-19,Пн,1,0,workday,0,0,,0,,0,,0,0,,,,
2025-05-20,Вт,2,0,workday,0,0,,0,,0,,0,0,,,,
2025-05-21,Ср,3,0,workday,0,0,,0,,0,,0,0,,,,
2025-05-22,Чт,4,0,workday,0,0,,0,,0,,0,0,,,,
2025-05-23,Пт,5,0,workday,0,0,,0,,0,,0,0,,,,
2025-05-24,Сб,6,1,weekend,1,0,,0,,0,,0,0,,,,
2025-05-25,Вс,7,1,weekend,1,0,,0,,0,,0,0,,,,
2025-05-26,Пн,1,0,workday,0,0,,0,,0,,0,0,,,,
2025-05-27,Вт,2,0,workday,0,0,,0,,0,,0,0,,,,
2025-05-28,Ср,3,0,workday,0,0,,0,,0,,0,0,,,,
2025-05-29,Чт,4,0,workday,0,0,,0,,0,,0,0,,,,
2025-05-30,Пт,5,0,workday,0,0,,0,,0,,0,0,,,,
2025-05-31,Сб,6,1,weekend,1,0,,0,,0,,0,0,,,,
2025-06-01,Вс,7,1,weekend,1,0,,0,,0,,0,1,День защиты детей,deterministic_recurring,,Календарная фиксированная дата (не федеральный нерабочий праздник)
2025-06-02,Пн,1,0,workday,0,0,,0,,0,,0,0,,,,
2025-06-03,Вт,2,0,workday,0,0,,0,,0,,0,0,,,,
2025-06-04,Ср,3,0,workday,0,0,,0,,0,,0,0,,,,
2025-06-05,Чт,4,0,workday,0,0,,0,,0,,0,0,,,,
2025-06-06,Пт,5,0,workday,0,0,,0,,0,,0,0,,,,
2025-06-07,Сб,6,1,weekend,1,0,,0,,0,,0,0,,,,
2025-06-08,Вс,7,1,weekend,1,0,,0,,0,,0,0,,,,
2025-06-09,Пн,1,0,workday,0,0,,0,,0,,0,0,,,,
2025-06-10,Вт,2,0,workday,0,0,,0,,0,,0,0,,,,
2025-06-11,Ср,3,0,shortened_workday,0,0,,0,,0,,1,0,Предпраздничный сокращённый день,derived_statutory,2004-12-31,Ст. 95 ТК РФ + производственный календарь 2025
2025-06-12,Чт,4,0,official_holiday,1,1,День России,0,,0,,0,0,День России,statutory_recurring,2004-12-31,ФЗ №201-ФЗ / ст. 112 ТК РФ
2025-06-13,Пт,5,0,transferred_day_off,1,0,,1,2025-03-08,0,,0,0,Перенесённый выходной,annual_decree,2024-10-04,Постановление Правительства РФ №1335 от 04.10.2024
2025-06-14,Сб,6,1,weekend,1,0,,0,,0,,0,0,,,,
2025-06-15,Вс,7,1,weekend,1,0,,0,,0,,0,0,,,,
2025-06-16,Пн,1,0,workday,0,0,,0,,0,,0,0,,,,
2025-06-17,Вт,2,0,workday,0,0,,0,,0,,0,0,,,,
2025-06-18,Ср,3,0,workday,0,0,,0,,0,,0,0,,,,
2025-06-19,Чт,4,0,workday,0,0,,0,,0,,0,0,,,,
2025-06-20,Пт,5,0,workday,0,0,,0,,0,,0,0,,,,
2025-06-21,Сб,6,1,weekend,1,0,,0,,0,,0,0,,,,
2025-06-22,Вс,7,1,weekend,1,0,,0,,0,,0,0,,,,
2025-06-23,Пн,1,0,workday,0,0,,0,,0,,0,0,,,,
2025-06-24,Вт,2,0,workday,0,0,,0,,0,,0,0,,,,
2025-06-25,Ср,3,0,workday,0,0,,0,,0,,0,0,,,,
2025-06-26,Чт,4,0,workday,0,0,,0,,0,,0,0,,,,
2025-06-27,Пт,5,0,workday,0,0,,0,,0,,0,0,,,,
2025-06-28,Сб,6,1,weekend,1,0,,0,,0,,0,0,,,,
2025-06-29,Вс,7,1,weekend,1,0,,0,,0,,0,0,,,,
2025-06-30,Пн,1,0,workday,0,0,,0,,0,,0,0,,,,
2025-07-01,Вт,2,0,workday,0,0,,0,,0,,0,0,,,,
2025-07-02,Ср,3,0,workday,0,0,,0,,0,,0,0,,,,
2025-07-03,Чт,4,0,workday,0,0,,0,,0,,0,0,,,,
2025-07-04,Пт,5,0,workday,0,0,,0,,0,,0,0,,,,
2025-07-05,Сб,6,1,weekend,1,0,,0,,0,,0,0,,,,
2025-07-06,Вс,7,1,weekend,1,0,,0,,0,,0,0,,,,
2025-07-07,Пн,1,0,workday,0,0,,0,,0,,0,0,,,,
2025-07-08,Вт,2,0,workday,0,0,,0,,0,,0,0,,,,
2025-07-09,Ср,3,0,workday,0,0,,0,,0,,0,0,,,,
2025-07-10,Чт,4,0,workday,0,0,,0,,0,,0,0,,,,
2025-07-11,Пт,5,0,workday,0,0,,0,,0,,0,0,,,,
2025-07-12,Сб,6,1,weekend,1,0,,0,,0,,0,0,,,,
2025-07-13,Вс,7,1,weekend,1,0,,0,,0,,0,0,,,,
2025-07-14,Пн,1,0,workday,0,0,,0,,0,,0,0,,,,
2025-07-15,Вт,2,0,workday,0,0,,0,,0,,0,0,,,,
2025-07-16,Ср,3,0,workday,0,0,,0,,0,,0,0,,,,
2025-07-17,Чт,4,0,workday,0,0,,0,,0,,0,0,,,,
2025-07-18,Пт,5,0,workday,0,0,,0,,0,,0,0,,,,
2025-07-19,Сб,6,1,weekend,1,0,,0,,0,,0,0,,,,
2025-07-20,Вс,7,1,weekend,1,0,,0,,0,,0,0,,,,
2025-07-21,Пн,1,0,workday,0,0,,0,,0,,0,0,,,,
2025-07-22,Вт,2,0,workday,0,0,,0,,0,,0,0,,,,
2025-07-23,Ср,3,0,workday,0,0,,0,,0,,0,0,,,,
2025-07-24,Чт,4,0,workday,0,0,,0,,0,,0,0,,,,
2025-07-25,Пт,5,0,workday,0,0,,0,,0,,0,0,,,,
2025-07-26,Сб,6,1,weekend,1,0,,0,,0,,0,0,,,,
2025-07-27,Вс,7,1,weekend,1,0,,0,,0,,0,0,,,,
2025-07-28,Пн,1,0,workday,0,0,,0,,0,,0,0,,,,
2025-07-29,Вт,2,0,workday,0,0,,0,,0,,0,0,,,,
2025-07-30,Ср,3,0,workday,0,0,,0,,0,,0,0,,,,
2025-07-31,Чт,4,0,workday,0,0,,0,,0,,0,0,,,,
2025-08-01,Пт,5,0,workday,0,0,,0,,0,,0,0,,,,
2025-08-02,Сб,6,1,weekend,1,0,,0,,0,,0,0,,,,
2025-08-03,Вс,7,1,weekend,1,0,,0,,0,,0,0,,,,
2025-08-04,Пн,1,0,workday,0,0,,0,,0,,0,0,,,,
2025-08-05,Вт,2,0,workday,0,0,,0,,0,,0,0,,,,
2025-08-06,Ср,3,0,workday,0,0,,0,,0,,0,0,,,,
2025-08-07,Чт,4,0,workday,0,0,,0,,0,,0,0,,,,
2025-08-08,Пт,5,0,workday,0,0,,0,,0,,0,0,,,,
2025-08-09,Сб,6,1,weekend,1,0,,0,,0,,0,0,,,,
2025-08-10,Вс,7,1,weekend,1,0,,0,,0,,0,0,,,,
2025-08-11,Пн,1,0,workday,0,0,,0,,0,,0,0,,,,
2025-08-12,Вт,2,0,workday,0,0,,0,,0,,0,0,,,,
2025-08-13,Ср,3,0,workday,0,0,,0,,0,,0,0,,,,
2025-08-14,Чт,4,0,workday,0,0,,0,,0,,0,0,,,,
2025-08-15,Пт,5,0,workday,0,0,,0,,0,,0,0,,,,
2025-08-16,Сб,6,1,weekend,1,0,,0,,0,,0,0,,,,
2025-08-17,Вс,7,1,weekend,1,0,,0,,0,,0,0,,,,
2025-08-18,Пн,1,0,workday,0,0,,0,,0,,0,0,,,,
2025-08-19,Вт,2,0,workday,0,0,,0,,0,,0,0,,,,
2025-08-20,Ср,3,0,workday,0,0,,0,,0,,0,0,,,,
2025-08-21,Чт,4,0,workday,0,0,,0,,0,,0,0,,,,
2025-08-22,Пт,5,0,workday,0,0,,0,,0,,0,0,,,,
2025-08-23,Сб,6,1,weekend,1,0,,0,,0,,0,0,,,,
2025-08-24,Вс,7,1,weekend,1,0,,0,,0,,0,0,,,,
2025-08-25,Пн,1,0,workday,0,0,,0,,0,,0,0,,,,
2025-08-26,Вт,2,0,workday,0,0,,0,,0,,0,0,,,,
2025-08-27,Ср,3,0,workday,0,0,,0,,0,,0,0,,,,
2025-08-28,Чт,4,0,workday,0,0,,0,,0,,0,0,,,,
2025-08-29,Пт,5,0,workday,0,0,,0,,0,,0,0,,,,
2025-08-30,Сб,6,1,weekend,1,0,,0,,0,,0,0,,,,
2025-08-31,Вс,7,1,weekend,1,0,,0,,0,,0,0,,,,
2025-09-01,Пн,1,0,workday,0,0,,0,,0,,0,1,День знаний,deterministic_recurring,,Календарная фиксированная дата (не федеральный нерабочий праздник)
2025-09-02,Вт,2,0,workday,0,0,,0,,0,,0,0,,,,
2025-09-03,Ср,3,0,workday,0,0,,0,,0,,0,0,,,,
2025-09-04,Чт,4,0,workday,0,0,,0,,0,,0,0,,,,
2025-09-05,Пт,5,0,workday,0,0,,0,,0,,0,0,,,,
2025-09-06,Сб,6,1,weekend,1,0,,0,,0,,0,0,,,,
2025-09-07,Вс,7,1,weekend,1,0,,0,,0,,0,0,,,,
2025-09-08,Пн,1,0,workday,0,0,,0,,0,,0,0,,,,
2025-09-09,Вт,2,0,workday,0,0,,0,,0,,0,0,,,,
2025-09-10,Ср,3,0,workday,0,0,,0,,0,,0,0,,,,
2025-09-11,Чт,4,0,workday,0,0,,0,,0,,0,0,,,,
2025-09-12,Пт,5,0,workday,0,0,,0,,0,,0,0,,,,
2025-09-13,Сб,6,1,weekend,1,0,,0,,0,,0,0,,,,
2025-09-14,Вс,7,1,weekend,1,0,,0,,0,,0,0,,,,
2025-09-15,Пн,1,0,workday,0,0,,0,,0,,0,0,,,,
2025-09-16,Вт,2,0,workday,0,0,,0,,0,,0,0,,,,
2025-09-17,Ср,3,0,workday,0,0,,0,,0,,0,0,,,,
2025-09-18,Чт,4,0,workday,0,0,,0,,0,,0,0,,,,
2025-09-19,Пт,5,0,workday,0,0,,0,,0,,0,0,,,,
2025-09-20,Сб,6,1,weekend,1,0,,0,,0,,0,0,,,,
2025-09-21,Вс,7,1,weekend,1,0,,0,,0,,0,0,,,,
2025-09-22,Пн,1,0,workday,0,0,,0,,0,,0,0,,,,
2025-09-23,Вт,2,0,workday,0,0,,0,,0,,0,0,,,,
2025-09-24,Ср,3,0,workday,0,0,,0,,0,,0,0,,,,
2025-09-25,Чт,4,0,workday,0,0,,0,,0,,0,0,,,,
2025-09-26,Пт,5,0,workday,0,0,,0,,0,,0,0,,,,
2025-09-27,Сб,6,1,weekend,1,0,,0,,0,,0,0,,,,
2025-09-28,Вс,7,1,weekend,1,0,,0,,0,,0,0,,,,
2025-09-29,Пн,1,0,workday,0,0,,0,,0,,0,0,,,,
2025-09-30,Вт,2,0,workday,0,0,,0,,0,,0,0,,,,
2025-10-01,Ср,3,0,workday,0,0,,0,,0,,0,0,,,,
2025-10-02,Чт,4,0,workday,0,0,,0,,0,,0,0,,,,
2025-10-03,Пт,5,0,workday,0,0,,0,,0,,0,0,,,,
2025-10-04,Сб,6,1,weekend,1,0,,0,,0,,0,0,,,,
2025-10-05,Вс,7,1,weekend,1,0,,0,,0,,0,1,День учителя,deterministic_recurring,,Календарная фиксированная дата (не федеральный нерабочий праздник)
2025-10-06,Пн,1,0,workday,0,0,,0,,0,,0,0,,,,
2025-10-07,Вт,2,0,workday,0,0,,0,,0,,0,0,,,,
2025-10-08,Ср,3,0,workday,0,0,,0,,0,,0,0,,,,
2025-10-09,Чт,4,0,workday,0,0,,0,,0,,0,0,,,,
2025-10-10,Пт,5,0,workday,0,0,,0,,0,,0,0,,,,
2025-10-11,Сб,6,1,weekend,1,0,,0,,0,,0,0,,,,
2025-10-12,Вс,7,1,weekend,1,0,,0,,0,,0,0,,,,
2025-10-13,Пн,1,0,workday,0,0,,0,,0,,0,0,,,,
2025-10-14,Вт,2,0,workday,0,0,,0,,0,,0,0,,,,
2025-10-15,Ср,3,0,workday,0,0,,0,,0,,0,0,,,,
2025-10-16,Чт,4,0,workday,0,0,,0,,0,,0,0,,,,
2025-10-17,Пт,5,0,workday,0,0,,0,,0,,0,0,,,,
2025-10-18,Сб,6,1,weekend,1,0,,0,,0,,0,0,,,,
2025-10-19,Вс,7,1,weekend,1,0,,0,,0,,0,0,,,,
2025-10-20,Пн,1,0,workday,0,0,,0,,0,,0,0,,,,
2025-10-21,Вт,2,0,workday,0,0,,0,,0,,0,0,,,,
2025-10-22,Ср,3,0,workday,0,0,,0,,0,,0,0,,,,
2025-10-23,Чт,4,0,workday,0,0,,0,,0,,0,0,,,,
2025-10-24,Пт,5,0,workday,0,0,,0,,0,,0,0,,,,
2025-10-25,Сб,6,1,weekend,1,0,,0,,0,,0,0,,,,
2025-10-26,Вс,7,1,weekend,1,0,,0,,0,,0,0,,,,
2025-10-27,Пн,1,0,workday,0,0,,0,,0,,0,0,,,,
2025-10-28,Вт,2,0,workday,0,0,,0,,0,,0,0,,,,
2025-10-29,Ср,3,0,workday,0,0,,0,,0,,0,0,,,,
2025-10-30,Чт,4,0,workday,0,0,,0,,0,,0,0,,,,
2025-10-31,Пт,5,0,workday,0,0,,0,,0,,0,0,,,,
2025-11-01,Сб,6,1,transferred_workday,0,0,,0,,1,2025-11-03,1,0,Перенесённый рабочий день,annual_decree,2024-10-04,Постановление Правительства РФ №1335 + производственный календарь 2025
2025-11-02,Вс,7,1,weekend,1,0,,0,,0,,0,0,,,,
2025-11-03,Пн,1,0,transferred_day_off,1,0,,1,2025-11-01,0,,0,0,Перенесённый выходной,annual_decree,2024-10-04,Постановление Правительства РФ №1335 от 04.10.2024
2025-11-04,Вт,2,0,official_holiday,1,1,День народного единства,0,,0,,0,0,День народного единства,statutory_recurring,2004-12-31,ФЗ №201-ФЗ / ст. 112 ТК РФ
2025-11-05,Ср,3,0,workday,0,0,,0,,0,,0,0,,,,
2025-11-06,Чт,4,0,workday,0,0,,0,,0,,0,0,,,,
2025-11-07,Пт,5,0,workday,0,0,,0,,0,,0,0,,,,
2025-11-08,Сб,6,1,weekend,1,0,,0,,0,,0,0,,,,
2025-11-09,Вс,7,1,weekend,1,0,,0,,0,,0,0,,,,
2025-11-10,Пн,1,0,workday,0,0,,0,,0,,0,0,,,,
2025-11-11,Вт,2,0,workday,0,0,,0,,0,,0,0,,,,
2025-11-12,Ср,3,0,workday,0,0,,0,,0,,0,0,,,,
2025-11-13,Чт,4,0,workday,0,0,,0,,0,,0,0,,,,
2025-11-14,Пт,5,0,workday,0,0,,0,,0,,0,0,,,,
2025-11-15,Сб,6,1,weekend,1,0,,0,,0,,0,0,,,,
2025-11-16,Вс,7,1,weekend,1,0,,0,,0,,0,0,,,,
2025-11-17,Пн,1,0,workday,0,0,,0,,0,,0,0,,,,
2025-11-18,Вт,2,0,workday,0,0,,0,,0,,0,0,,,,
2025-11-19,Ср,3,0,workday,0,0,,0,,0,,0,0,,,,
2025-11-20,Чт,4,0,workday,0,0,,0,,0,,0,0,,,,
2025-11-21,Пт,5,0,workday,0,0,,0,,0,,0,0,,,,
2025-11-22,Сб,6,1,weekend,1,0,,0,,0,,0,0,,,,
2025-11-23,Вс,7,1,weekend,1,0,,0,,0,,0,0,,,,
2025-11-24,Пн,1,0,workday,0,0,,0,,0,,0,0,,,,
2025-11-25,Вт,2,0,workday,0,0,,0,,0,,0,0,,,,
2025-11-26,Ср,3,0,workday,0,0,,0,,0,,0,0,,,,
2025-11-27,Чт,4,0,workday,0,0,,0,,0,,0,0,,,,
2025-11-28,Пт,5,0,workday,0,0,,0,,0,,0,0,,,,
2025-11-29,Сб,6,1,weekend,1,0,,0,,0,,0,0,,,,
2025-11-30,Вс,7,1,weekend,1,0,,0,,0,,0,0,,,,
2025-12-01,Пн,1,0,workday,0,0,,0,,0,,0,0,,,,
2025-12-02,Вт,2,0,workday,0,0,,0,,0,,0,0,,,,
2025-12-03,Ср,3,0,workday,0,0,,0,,0,,0,0,,,,
2025-12-04,Чт,4,0,workday,0,0,,0,,0,,0,0,,,,
2025-12-05,Пт,5,0,workday,0,0,,0,,0,,0,0,,,,
2025-12-06,Сб,6,1,weekend,1,0,,0,,0,,0,0,,,,
2025-12-07,Вс,7,1,weekend,1,0,,0,,0,,0,0,,,,
2025-12-08,Пн,1,0,workday,0,0,,0,,0,,0,0,,,,
2025-12-09,Вт,2,0,workday,0,0,,0,,0,,0,0,,,,
2025-12-10,Ср,3,0,workday,0,0,,0,,0,,0,0,,,,
2025-12-11,Чт,4,0,workday,0,0,,0,,0,,0,0,,,,
2025-12-12,Пт,5,0,workday,0,0,,0,,0,,0,0,,,,
2025-12-13,Сб,6,1,weekend,1,0,,0,,0,,0,0,,,,
2025-12-14,Вс,7,1,weekend,1,0,,0,,0,,0,0,,,,
2025-12-15,Пн,1,0,workday,0,0,,0,,0,,0,0,,,,
2025-12-16,Вт,2,0,workday,0,0,,0,,0,,0,0,,,,
2025-12-17,Ср,3,0,workday,0,0,,0,,0,,0,0,,,,
2025-12-18,Чт,4,0,workday,0,0,,0,,0,,0,0,,,,
2025-12-19,Пт,5,0,workday,0,0,,0,,0,,0,0,,,,
2025-12-20,Сб,6,1,weekend,1,0,,0,,0,,0,0,,,,
2025-12-21,Вс,7,1,weekend,1,0,,0,,0,,0,0,,,,
2025-12-22,Пн,1,0,workday,0,0,,0,,0,,0,0,,,,
2025-12-23,Вт,2,0,workday,0,0,,0,,0,,0,0,,,,
2025-12-24,Ср,3,0,workday,0,0,,0,,0,,0,0,,,,
2025-12-25,Чт,4,0,workday,0,0,,0,,0,,0,0,,,,
2025-12-26,Пт,5,0,workday,0,0,,0,,0,,0,0,,,,
2025-12-27,Сб,6,1,weekend,1,0,,0,,0,,0,0,,,,
2025-12-28,Вс,7,1,weekend,1,0,,0,,0,,0,0,,,,
2025-12-29,Пн,1,0,workday,0,0,,0,,0,,0,0,,,,
2025-12-30,Вт,2,0,workday,0,0,,0,,0,,0,0,,,,
2025-12-31,Ср,3,0,transferred_day_off,1,0,,1,2025-01-05,0,,0,1,Канун Нового года; Перенесённый выходной,deterministic_recurring; annual_decree,2024-10-04,Календарная фиксированная дата (не федеральный нерабочий праздник); Постановление Правительства РФ №1335 от 04.10.2024
