event_id,date,name_ru,event_type,recurrence_type,recurrence_key,is_official_holiday,is_day_off,is_transfer,transfer_direction,linked_date,is_shortened_workday,availability_type,known_from,effective_from,source_doc,source_url,use_in_baseline,notes
fed_newyear_1,2025-01-01,Новогодние каникулы,federal_holiday,annual_fixed,01-01,1,1,0,,,0,statutory_recurring,2004-12-31,2005-01-01,ФЗ №201-ФЗ / ст. 112 ТК РФ,https://mintrud.gov.ru/docs/laws/23,1,Фиксированная ежегодная федеральная праздничная дата.
fed_newyear_2,2025-01-02,Новогодние каникулы,federal_holiday,annual_fixed,01-02,1,1,0,,,0,statutory_recurring,2004-12-31,2005-01-01,ФЗ №201-ФЗ / ст. 112 ТК РФ,https://mintrud.gov.ru/docs/laws/23,1,Фиксированная ежегодная федеральная праздничная дата.
fed_newyear_3,2025-01-03,Новогодние каникулы,federal_holiday,annual_fixed,01-03,1,1,0,,,0,statutory_recurring,2004-12-31,2005-01-01,ФЗ №201-ФЗ / ст. 112 ТК РФ,https://mintrud.gov.ru/docs/laws/23,1,Фиксированная ежегодная федеральная праздничная дата.
fed_newyear_4,2025-01-04,Новогодние каникулы,federal_holiday,annual_fixed,01-04,1,1,0,,,0,statutory_recurring,2004-12-31,2005-01-01,ФЗ №201-ФЗ / ст. 112 ТК РФ,https://mintrud.gov.ru/docs/laws/23,1,Фиксированная ежегодная федеральная праздничная дата.
fed_newyear_5,2025-01-05,Новогодние каникулы,federal_holiday,annual_fixed,01-05,1,1,0,,,0,statutory_recurring,2004-12-31,2005-01-01,ФЗ №201-ФЗ / ст. 112 ТК РФ,https://mintrud.gov.ru/docs/laws/23,1,Фиксированная ежегодная федеральная праздничная дата.
fed_newyear_6,2025-01-06,Новогодние каникулы,federal_holiday,annual_fixed,01-06,1,1,0,,,0,statutory_recurring,2012-04-24,2012-04-24,ФЗ №35-ФЗ / ст. 112 ТК РФ,https://base.garant.ru/70165834/,1,6 января добавлено в текущую формулировку новогодних каникул в 2012 году.
fed_christmas,2025-01-07,Рождество Христово,federal_holiday,annual_fixed,01-07,1,1,0,,,0,statutory_recurring,2004-12-31,2005-01-01,ФЗ №201-ФЗ / ст. 112 ТК РФ,https://mintrud.gov.ru/docs/laws/23,1,
fed_newyear_8,2025-01-08,Новогодние каникулы,federal_holiday,annual_fixed,01-08,1,1,0,,,0,statutory_recurring,2012-04-24,2012-04-24,ФЗ №35-ФЗ / ст. 112 ТК РФ,https://base.garant.ru/70165834/,1,8 января добавлено в текущую формулировку новогодних каникул в 2012 году.
obs_old_new_year,2025-01-14,Старый Новый год,informal_recurring_event,annual_fixed,01-14,0,0,0,,,0,deterministic_recurring,,,Календарная фиксированная дата (не федеральный нерабочий праздник),,0,Оставлено как candidate feature; не включать в baseline без отдельной проверки.
obs_valentine,2025-02-14,День святого Валентина,informal_recurring_event,annual_fixed,02-14,0,0,0,,,0,deterministic_recurring,,,Календарная фиксированная дата (не федеральный нерабочий праздник),,0,Оставлено как candidate feature; не включать в baseline без отдельной проверки.
fed_defender,2025-02-23,День защитника Отечества,federal_holiday,annual_fixed,02-23,1,1,0,,,0,statutory_recurring,2004-12-31,2005-01-01,ФЗ №201-ФЗ / ст. 112 ТК РФ,https://mintrud.gov.ru/docs/laws/23,1,Фиксированная ежегодная федеральная праздничная дата.
short_mar7,2025-03-07,Предпраздничный сокращённый день,shortened_workday,derived_from_statutory_rule,,0,0,0,,,1,derived_statutory,2004-12-31,2002-02-01,Ст. 95 ТК РФ + производственный календарь 2025,https://www.consultant.ru/law/ref/calendar/proizvodstvennye/2025/,1,Перед 8 марта; сокращение на 1 час по ст. 95 ТК РФ.
fed_womens_day,2025-03-08,Международный женский день,federal_holiday,annual_fixed,03-08,1,1,0,,,0,statutory_recurring,2004-12-31,2005-01-01,ФЗ №201-ФЗ / ст. 112 ТК РФ,https://mintrud.gov.ru/docs/laws/23,1,Фиксированная ежегодная федеральная праздничная дата.
obs_april_fools,2025-04-01,День смеха,informal_recurring_event,annual_fixed,04-01,0,0,0,,,0,deterministic_recurring,,,Календарная фиксированная дата (не федеральный нерабочий праздник),,0,Оставлено как candidate feature; не включать в baseline без отдельной проверки.
short_apr30,2025-04-30,Предпраздничный сокращённый день,shortened_workday,derived_from_statutory_rule,,0,0,0,,,1,derived_statutory,2004-12-31,2002-02-01,Ст. 95 ТК РФ + производственный календарь 2025,https://www.consultant.ru/law/ref/calendar/proizvodstvennye/2025/,1,Перед 1 мая; сокращение на 1 час по ст. 95 ТК РФ.
fed_labor_day,2025-05-01,Праздник Весны и Труда,federal_holiday,annual_fixed,05-01,1,1,0,,,0,statutory_recurring,2004-12-31,2005-01-01,ФЗ №201-ФЗ / ст. 112 ТК РФ,https://mintrud.gov.ru/docs/laws/23,1,Фиксированная ежегодная федеральная праздничная дата.
tr_to_may2,2025-05-02,Перенесённый выходной,transferred_day_off,one_off_annual_decree,,0,1,1,to,2025-01-04,0,annual_decree,2024-10-04,2024-10-12,Постановление Правительства РФ №1335 от 04.10.2024,https://government.ru/docs/all/155500/,1,Выходной перенесён с 4 января на 2 мая.
tr_to_may8,2025-05-08,Перенесённый выходной,transferred_day_off,one_off_annual_decree,,0,1,1,to,2025-02-23,0,annual_decree,2024-10-04,2024-10-12,Постановление Правительства РФ №1335 от 04.10.2024,https://government.ru/docs/all/155500/,1,Выходной перенесён с 23 февраля на 8 мая.
fed_victory_day,2025-05-09,День Победы,federal_holiday,annual_fixed,05-09,1,1,0,,,0,statutory_recurring,2004-12-31,2005-01-01,ФЗ №201-ФЗ / ст. 112 ТК РФ,https://mintrud.gov.ru/docs/laws/23,1,Фиксированная ежегодная федеральная праздничная дата.
obs_children_day,2025-06-01,День защиты детей,informal_recurring_event,annual_fixed,06-01,0,0,0,,,0,deterministic_recurring,,,Календарная фиксированная дата (не федеральный нерабочий праздник),,0,Оставлено как candidate feature; не включать в baseline без отдельной проверки.
short_jun11,2025-06-11,Предпраздничный сокращённый день,shortened_workday,derived_from_statutory_rule,,0,0,0,,,1,derived_statutory,2004-12-31,2002-02-01,Ст. 95 ТК РФ + производственный календарь 2025,https://www.consultant.ru/law/ref/calendar/proizvodstvennye/2025/,1,Перед 12 июня; сокращение на 1 час по ст. 95 ТК РФ.
fed_russia_day,2025-06-12,День России,federal_holiday,annual_fixed,06-12,1,1,0,,,0,statutory_recurring,2004-12-31,2005-01-01,ФЗ №201-ФЗ / ст. 112 ТК РФ,https://mintrud.gov.ru/docs/laws/23,1,Фиксированная ежегодная федеральная праздничная дата.
tr_to_jun13,2025-06-13,Перенесённый выходной,transferred_day_off,one_off_annual_decree,,0,1,1,to,2025-03-08,0,annual_decree,2024-10-04,2024-10-12,Постановление Правительства РФ №1335 от 04.10.2024,https://government.ru/docs/all/155500/,1,Выходной перенесён с 8 марта на 13 июня.
obs_knowledge_day,2025-09-01,День знаний,informal_recurring_event,annual_fixed,09-01,0,0,0,,,0,deterministic_recurring,,,Календарная фиксированная дата (не федеральный нерабочий праздник),,0,Оставлено как candidate feature; не включать в baseline без отдельной проверки.
obs_teacher_day,2025-10-05,День учителя,informal_recurring_event,annual_fixed,10-05,0,0,0,,,0,deterministic_recurring,,,Календарная фиксированная дата (не федеральный нерабочий праздник),,0,Оставлено как candidate feature; не включать в baseline без отдельной проверки.
tr_from_nov1,2025-11-01,Перенесённый рабочий день,transferred_workday,one_off_annual_decree,,0,0,1,from,2025-11-03,1,annual_decree,2024-10-04,2024-10-12,Постановление Правительства РФ №1335 + производственный календарь 2025,https://www.consultant.ru/law/ref/calendar/proizvodstvennye/2025/,1,Суббота стала рабочей из-за переноса выходного на 3 ноября; день сокращённый.
tr_to_nov3,2025-11-03,Перенесённый выходной,transferred_day_off,one_off_annual_decree,,0,1,1,to,2025-11-01,0,annual_decree,2024-10-04,2024-10-12,Постановление Правительства РФ №1335 от 04.10.2024,https://government.ru/docs/all/155500/,1,Выходной перенесён с 1 ноября на 3 ноября.
fed_unity_day,2025-11-04,День народного единства,federal_holiday,annual_fixed,11-04,1,1,0,,,0,statutory_recurring,2004-12-31,2005-01-01,ФЗ №201-ФЗ / ст. 112 ТК РФ,https://mintrud.gov.ru/docs/laws/23,1,Фиксированная ежегодная федеральная праздничная дата.
obs_new_year_eve,2025-12-31,Канун Нового года,informal_recurring_event,annual_fixed,12-31,0,0,0,,,0,deterministic_recurring,,,Календарная фиксированная дата (не федеральный нерабочий праздник),,0,Оставлено как candidate feature; не включать в baseline без отдельной проверки.
tr_to_dec31,2025-12-31,Перенесённый выходной,transferred_day_off,one_off_annual_decree,,0,1,1,to,2025-01-05,0,annual_decree,2024-10-04,2024-10-12,Постановление Правительства РФ №1335 от 04.10.2024,https://government.ru/docs/all/155500/,1,Выходной перенесён с 5 января на 31 декабря.
