month,hour,climatological_temperature,climatological_precipitation,climatological_rain_probability,climatological_relative_humidity,climatological_wind_speed,climatological_pressure_msl,n_obs_temperature,n_obs_precipitation
1,0,-5.845806451612903,0.053548387096774196,0.2645161290322581,87.14838709677419,14.684516129032257,1014.4174193548388,155,155
1,1,-5.974838709677419,0.06064516129032258,0.25806451612903225,87.20645161290322,13.487096774193548,1014.3064516129032,155,155
1,2,-6.001935483870968,0.06129032258064516,0.25161290322580643,87.24516129032259,13.640645161290324,1014.3445161290322,155,155
1,3,-5.987096774193549,0.06387096774193549,0.23225806451612904,87.15483870967742,13.85290322580645,1014.3141935483872,155,155
1,4,-5.974193548387097,0.05548387096774193,0.23870967741935484,87.12903225806451,14.02516129032258,1014.2825806451613,155,155
1,5,-6.136129032258065,0.05161290322580645,0.22580645161290322,87.21290322580646,14.181935483870966,1014.0696774193548,155,155
1,6,-6.187096774193549,0.05290322580645162,0.24516129032258063,87.49032258064516,14.15548387096774,1014.1477419354839,155,155
1,7,-6.241290322580645,0.04709677419354839,0.21935483870967742,87.52903225806452,14.231612903225807,1014.1058064516129,155,155
1,8,-6.352258064516129,0.04774193548387097,0.2064516129032258,87.36129032258064,14.484516129032258,1014.1670967741935,155,155
1,9,-6.376129032258064,0.04967741935483871,0.2129032258064516,87.23870967741935,14.64258064516129,1014.3296774193549,155,155
1,10,-6.352903225806452,0.05161290322580645,0.21935483870967742,87.30322580645161,14.925161290322581,1014.4651612903226,155,155
1,11,-5.454193548387097,0.053548387096774196,0.23225806451612904,85.27096774193548,15.23225806451613,1014.558064516129,155,155
1,12,-5.3909677419354844,0.04967741935483871,0.2,85.14193548387097,15.50774193548387,1014.5632258064516,155,155
1,13,-4.830967741935484,0.05032258064516129,0.16129032258064516,83.34193548387097,14.179354838709678,1014.2883870967743,155,155
1,14,-4.775483870967742,0.05225806451612903,0.16129032258064516,83.18709677419355,14.24709677419355,1014.0212903225806,155,155
1,15,-4.775483870967742,0.05612903225806451,0.1935483870967742,83.02580645161291,14.308387096774196,1014.0096774193548,155,155
1,16,-4.783870967741936,0.06129032258064516,0.23225806451612904,82.90967741935484,14.336129032258064,1014.1019354838709,155,155
1,17,-5.320645161290323,0.05741935483870968,0.22580645161290322,85.19354838709677,14.493548387096775,1014.0903225806452,155,155
1,18,-5.368387096774193,0.05612903225806452,0.22580645161290322,85.6774193548387,14.726451612903226,1014.203870967742,155,155
1,19,-5.393548387096774,0.05548387096774193,0.21935483870967742,85.85806451612903,14.863870967741937,1014.1767741935483,155,155
1,20,-5.622580645161291,0.06451612903225806,0.2645161290322581,86.56774193548387,14.723870967741934,1014.121935483871,155,155
1,21,-5.614193548387097,0.05870967741935484,0.22580645161290322,86.56129032258065,14.676774193548388,1014.1696774193548,155,155
1,22,-5.613548387096774,0.05419354838709678,0.24516129032258063,86.71612903225807,14.71032258064516,1014.1103225806452,155,155
1,23,-5.7935483870967746,0.0567741935483871,0.2709677419354839,87.07741935483871,14.678709677419354,1014.2554838709677,155,155
2,0,-5.192957746478873,0.05704225352112676,0.23943661971830985,83.88028169014085,14.86056338028169,1012.7091549295775,142,142
2,1,-5.581690140845071,0.0528169014084507,0.19014084507042253,84.62676056338029,13.929577464788732,1012.625352112676,142,142
2,2,-5.621126760563381,0.04859154929577465,0.14788732394366197,84.73239436619718,13.959859154929577,1012.7577464788733,142,142
2,3,-5.6605633802816895,0.05845070422535212,0.176056338028169,84.80281690140845,14.22887323943662,1012.7169014084507,142,142
2,4,-5.662676056338029,0.07323943661971831,0.21830985915492956,84.84507042253522,14.513380281690141,1012.6352112676058,142,142
2,5,-5.916197183098592,0.07042253521126761,0.2323943661971831,85.55633802816901,14.709859154929578,1012.456338028169,142,142
2,6,-5.9633802816901404,0.06830985915492958,0.23943661971830985,85.88028169014085,14.746478873239436,1012.5591549295774,142,142
2,7,-5.961971830985916,0.06478873239436621,0.21830985915492956,86.01408450704226,14.746478873239436,1012.5021126760563,142,142
2,8,-5.803521126760564,0.05492957746478873,0.20422535211267606,85.8943661971831,14.883802816901408,1012.5669014084507,142,142
2,9,-5.7697183098591545,0.0528169014084507,0.24647887323943662,85.84507042253522,15.347887323943663,1012.7584507042254,142,142
2,10,-5.603521126760564,0.06338028169014084,0.2112676056338028,85.80985915492958,15.838732394366197,1012.8795774647887,142,142
2,11,-3.823239436619718,0.05985915492957746,0.22535211267605634,79.71830985915493,16.21619718309859,1012.9535211267605,142,142
2,12,-3.6943661971830988,0.05492957746478873,0.2112676056338028,79.38028169014085,16.714084507042255,1013.0084507042254,142,142
2,13,-2.6732394366197183,0.05140845070422535,0.21830985915492956,74.74647887323944,14.870422535211267,1012.8098591549295,142,142
2,14,-2.5767605633802817,0.049999999999999996,0.2112676056338028,74.33802816901408,15.221830985915492,1012.6077464788732,142,142
2,15,-2.528169014084507,0.05915492957746479,0.22535211267605634,74.30281690140845,15.31338028169014,1012.6288732394365,142,142
2,16,-2.536619718309859,0.06408450704225352,0.2112676056338028,74.08450704225352,14.91619718309859,1012.6591549295775,142,142
2,17,-3.4316901408450704,0.056338028169014086,0.19014084507042253,77.59154929577464,14.373239436619718,1012.649295774648,142,142
2,18,-3.5704225352112675,0.04788732394366197,0.20422535211267606,77.97183098591549,14.49788732394366,1012.850704225352,142,142
2,19,-3.68169014084507,0.047183098591549295,0.22535211267605634,78.53521126760563,14.791549295774649,1012.9760563380282,142,142
2,20,-4.504929577464789,0.047183098591549295,0.22535211267605634,81.87323943661971,14.992253521126761,1013.0147887323944,142,142
2,21,-4.572535211267605,0.0528169014084507,0.22535211267605634,82.02112676056338,14.916901408450704,1013.23661971831,142,142
2,22,-4.649295774647888,0.04788732394366197,0.19014084507042253,82.02112676056338,14.851408450704225,1013.1781690140845,142,142
2,23,-5.204929577464789,0.05140845070422535,0.2112676056338028,83.21830985915493,14.75,1013.3492957746479,142,142
3,0,-1.4070967741935483,0.021290322580645164,0.0967741935483871,77.49677419354839,12.507096774193547,1016.4283870967741,155,155
3,1,-2.2516129032258063,0.023870967741935485,0.0967741935483871,80.18064516129033,11.821290322580644,1016.3406451612902,155,155
3,2,-2.312258064516129,0.02258064516129032,0.09032258064516129,80.54838709677419,11.895483870967741,1016.4245161290322,155,155
3,3,-2.3419354838709676,0.03870967741935484,0.1032258064516129,80.74193548387096,12.024516129032257,1016.3303225806452,155,155
3,4,-2.4019354838709677,0.036774193548387096,0.12903225806451613,81.0516129032258,12.227096774193548,1016.3296774193549,155,155
3,5,-2.9890322580645163,0.03483870967741936,0.11612903225806452,82.92903225806451,12.329677419354837,1016.2458064516129,155,155
3,6,-3.109032258064516,0.041935483870967745,0.13548387096774195,83.41935483870968,12.485161290322582,1016.2954838709677,155,155
3,7,-3.096774193548387,0.04129032258064516,0.16129032258064516,83.49032258064516,12.689032258064517,1016.358064516129,155,155
3,8,-1.293548387096774,0.043225806451612905,0.15483870967741936,77.98709677419355,13.098064516129032,1016.3980645161291,155,155
3,9,-0.9600000000000001,0.052903225806451605,0.16774193548387098,77.23225806451613,13.389032258064518,1016.561935483871,155,155
3,10,-0.6941935483870968,0.05870967741935484,0.2,76.76129032258065,13.78774193548387,1016.6225806451613,155,155
3,11,2.0038709677419355,0.06774193548387097,0.1935483870967742,66.18709677419355,14.416774193548386,1016.5354838709677,155,155
3,12,2.186451612903226,0.07096774193548387,0.1935483870967742,64.98709677419355,15.030967741935486,1016.4083870967742,155,155
3,13,3.3774193548387097,0.07741935483870968,0.21935483870967742,59.84516129032258,13.708387096774194,1016.1400000000001,155,155
3,14,3.5154838709677416,0.07096774193548387,0.18064516129032257,59.36129032258064,14.167741935483871,1015.8393548387097,155,155
3,15,3.5896774193548384,0.06709677419354838,0.17419354838709677,58.99354838709677,14.100645161290322,1015.7187096774193,155,155
3,16,3.6258064516129034,0.06451612903225806,0.16774193548387098,59.225806451612904,13.790967741935484,1015.6767741935483,155,155
3,17,2.874838709677419,0.04129032258064516,0.14193548387096774,62.2,12.867096774193548,1015.4593548387097,155,155
3,18,2.641290322580645,0.032903225806451615,0.12903225806451613,63.6,12.589677419354839,1015.5206451612904,155,155
3,19,2.203225806451613,0.035483870967741936,0.14193548387096774,64.88387096774194,12.713548387096774,1015.7006451612904,155,155
3,20,0.2567741935483871,0.04387096774193548,0.14193548387096774,71.6774193548387,12.901935483870968,1015.7954838709677,155,155
3,21,0.1032258064516129,0.03741935483870967,0.12903225806451613,72.43870967741935,12.961935483870967,1015.9870967741936,155,155
3,22,-0.040645161290322585,0.026451612903225803,0.12258064516129032,73.05806451612904,12.912258064516129,1015.9954838709676,155,155
3,23,-1.1283870967741936,0.021935483870967745,0.09032258064516129,77.25806451612904,12.734193548387097,1016.1051612903225,155,155
4,0,5.104,0.08600000000000001,0.18666666666666668,73.72,12.104,1013.4786666666666,150,150
4,1,4.078666666666666,0.08466666666666667,0.16666666666666666,77.30666666666667,11.505333333333333,1013.4493333333332,150,150
4,2,3.9986666666666664,0.07800000000000001,0.16,77.59333333333333,11.463999999999999,1013.3866666666667,150,150
4,3,3.9080000000000004,0.07133333333333333,0.14666666666666667,78.05333333333333,11.396666666666667,1013.394,150,150
4,4,3.789333333333333,0.06466666666666666,0.14,78.50666666666666,11.52,1013.4486666666666,150,150
4,5,3.3433333333333333,0.076,0.14666666666666667,80.54,11.621333333333334,1013.4313333333334,150,150
4,6,3.341333333333333,0.08933333333333333,0.14,80.80666666666667,11.813333333333333,1013.4873333333334,150,150
4,7,3.61,0.08600000000000001,0.18,80.12,12.512,1013.6386666666666,150,150
4,8,6.734,0.074,0.2,67.86,12.996666666666666,1013.68,150,150
4,9,6.996666666666667,0.07200000000000001,0.18666666666666668,66.72666666666667,13.776,1013.7113333333334,150,150
4,10,7.270666666666666,0.08266666666666667,0.23333333333333334,65.88666666666667,14.655333333333335,1013.7066666666667,150,150
4,11,9.811333333333334,0.082,0.21333333333333335,54.32,15.663333333333334,1013.6326666666666,150,150
4,12,9.945333333333332,0.08600000000000001,0.23333333333333334,53.24666666666667,16.44333333333333,1013.4833333333333,150,150
4,13,10.963333333333333,0.074,0.22,49.166666666666664,15.268666666666668,1013.4466666666667,150,150
4,14,11.046666666666667,0.056,0.24,48.74,15.959333333333333,1013.2673333333333,150,150
4,15,11.109333333333334,0.06533333333333334,0.22,48.333333333333336,16.296666666666667,1013.1306666666667,150,150
4,16,11.182,0.06266666666666666,0.22,48.32,16.028666666666666,1013.0133333333333,150,150
4,17,10.560666666666666,0.11533333333333334,0.22666666666666666,50.913333333333334,14.946,1012.9359999999999,150,150
4,18,10.415333333333333,0.11599999999999999,0.18666666666666668,52.053333333333335,13.244666666666667,1012.9486666666666,150,150
4,19,10.19,0.06666666666666667,0.12,53.913333333333334,12.536000000000001,1013.0580000000001,150,150
4,20,7.299333333333334,0.07333333333333333,0.16666666666666666,64.46,12.58,1013.3533333333334,150,150
4,21,7.084,0.074,0.14666666666666667,65.24,12.493333333333334,1013.5480000000001,150,150
4,22,6.876,0.06866666666666667,0.16,66.12,12.347333333333333,1013.6266666666667,150,150
4,23,5.348,0.07,0.18,72.94666666666667,12.169333333333334,1013.612,150,150
5,0,8.99483870967742,0.060000000000000005,0.10967741935483871,74.46451612903226,11.032903225806452,1015.2470967741934,155,155
5,1,7.637419354838709,0.05741935483870968,0.1032258064516129,79.00645161290322,10.66,1015.2767741935484,155,155
5,2,7.54,0.0703225806451613,0.12258064516129032,79.32903225806452,10.728387096774194,1015.3496774193549,155,155
5,3,7.419999999999999,0.07290322580645162,0.12258064516129032,79.83225806451613,10.859354838709677,1015.3109677419355,155,155
5,4,7.360645161290323,0.07612903225806453,0.1032258064516129,79.94193548387096,11.125806451612902,1015.4599999999999,155,155
5,5,7.862580645161291,0.06516129032258064,0.10967741935483871,79.02580645161291,11.246451612903225,1015.523870967742,155,155
5,6,8.12774193548387,0.0703225806451613,0.14193548387096774,78.63870967741936,12.089677419354839,1015.5948387096774,155,155
5,7,8.48258064516129,0.06193548387096774,0.15483870967741936,77.34838709677419,12.368387096774192,1015.7225806451613,155,155
5,8,12.438064516129034,0.09290322580645162,0.14838709677419354,60.251612903225805,12.76516129032258,1015.7303225806453,155,155
5,9,12.69032258064516,0.10193548387096775,0.2,59.23225806451613,13.33741935483871,1015.6948387096775,155,155
5,10,12.90516129032258,0.11870967741935483,0.27741935483870966,58.61290322580645,14.258709677419354,1015.607741935484,155,155
5,11,14.990967741935483,0.11677419354838711,0.25161290322580643,48.883870967741935,15.015483870967742,1015.565806451613,155,155
5,12,15.13741935483871,0.10709677419354838,0.25806451612903225,48.21935483870968,15.3,1015.4109677419356,155,155
5,13,15.993548387096775,0.1496774193548387,0.23870967741935484,45.38709677419355,13.886451612903226,1015.1529032258065,155,155
5,14,16.133548387096774,0.10903225806451612,0.2064516129032258,44.85806451612903,14.43290322580645,1014.9529032258065,155,155
5,15,16.164516129032258,0.11225806451612902,0.21935483870967742,44.380645161290325,14.88,1014.8083870967741,155,155
5,16,16.214193548387097,0.10129032258064517,0.2,44.41290322580645,15.026451612903225,1014.7109677419355,155,155
5,17,15.695483870967744,0.14258064516129032,0.2645161290322581,46.8,14.36967741935484,1014.6096774193549,155,155
5,18,15.551612903225806,0.13032258064516128,0.21935483870967742,47.43225806451613,12.752258064516129,1014.5406451612903,155,155
5,19,15.412903225806451,0.07354838709677419,0.16129032258064516,48.94193548387097,10.810322580645161,1014.661935483871,155,155
5,20,12.138709677419355,0.09032258064516129,0.11612903225806452,61.909677419354836,10.123225806451613,1014.7316129032258,155,155
5,21,11.774838709677418,0.0967741935483871,0.12258064516129032,62.961290322580645,10.217419354838709,1015.0509677419354,155,155
5,22,11.552258064516128,0.06258064516129033,0.1032258064516129,64.0516129032258,10.470322580645162,1015.1348387096774,155,155
5,23,9.269677419354839,0.05161290322580645,0.10967741935483871,74.03225806451613,10.687096774193549,1015.2148387096773,155,155
6,0,14.82,0.06533333333333334,0.08666666666666667,82.60666666666667,9.608666666666666,1014.5773333333334,150,150
6,1,13.431333333333333,0.10133333333333333,0.11333333333333333,86.36,8.959333333333333,1014.7146666666667,150,150
6,2,13.275333333333332,0.13333333333333333,0.13333333333333333,87.01333333333334,8.910666666666666,1014.7086666666665,150,150
6,3,13.146666666666667,0.1,0.09333333333333334,87.55333333333333,9.045333333333334,1014.6880000000001,150,150
6,4,13.054,0.07266666666666667,0.08,87.84666666666666,9.048,1014.7819999999999,150,150
6,5,14.405333333333335,0.062000000000000006,0.08,84.28666666666666,9.082666666666666,1014.8573333333334,150,150
6,6,14.821333333333332,0.057999999999999996,0.10666666666666667,83.29333333333334,9.769333333333334,1014.9119999999999,150,150
6,7,15.266,0.052,0.1,81.67333333333333,9.619333333333334,1014.9733333333334,150,150
6,8,19.395333333333333,0.07733333333333334,0.11333333333333333,64.04,10.068,1014.9193333333333,150,150
6,9,19.712666666666667,0.06799999999999999,0.14666666666666667,63.306666666666665,10.789333333333333,1014.9173333333333,150,150
6,10,19.93133333333333,0.06266666666666666,0.18,62.52,11.653333333333334,1014.7819999999999,150,150
6,11,21.954666666666665,0.07,0.21333333333333335,52.96,12.514666666666667,1014.7306666666667,150,150
6,12,22.119333333333334,0.08533333333333334,0.22,52.10666666666667,13.069333333333335,1014.628,150,150
6,13,22.863333333333333,0.10333333333333333,0.24666666666666667,49.413333333333334,12.023333333333333,1014.3706666666667,150,150
6,14,22.944666666666667,0.10466666666666667,0.23333333333333334,49.4,12.5,1014.1526666666666,150,150
6,15,22.936666666666667,0.17466666666666666,0.22666666666666666,49.50666666666667,13.072666666666667,1013.9686666666665,150,150
6,16,22.898,0.15333333333333332,0.24666666666666667,49.64,13.362666666666668,1013.9166666666666,150,150
6,17,22.382,0.15466666666666667,0.24666666666666667,51.72,12.848666666666666,1013.7353333333333,150,150
6,18,22.204666666666665,0.15,0.26,52.53333333333333,11.822666666666667,1013.6719999999999,150,150
6,19,22.018666666666668,0.13599999999999998,0.16666666666666666,53.31333333333333,10.302,1013.6859999999999,150,150
6,20,18.789333333333335,0.08,0.13333333333333333,68.70666666666666,9.226666666666667,1013.7653333333333,150,150
6,21,18.410666666666668,0.03866666666666667,0.09333333333333334,69.21333333333334,9.512,1013.9646666666667,150,150
6,22,18.112666666666666,0.06799999999999999,0.10666666666666667,70.13333333333334,9.632,1014.1146666666667,150,150
6,23,15.21,0.06466666666666666,0.07333333333333333,81.98,9.726666666666667,1014.1813333333334,150,150
7,0,16.621290322580645,0.0703225806451613,0.06451612903225806,85.2516129032258,9.314193548387097,1011.7748387096775,155,155
7,1,15.44516129032258,0.045806451612903226,0.05806451612903226,88.6774193548387,8.689677419354839,1011.8670967741936,155,155
7,2,15.347096774193549,0.03096774193548387,0.08387096774193549,89.2,8.594193548387096,1011.8838709677419,155,155
7,3,15.252258064516129,0.03032258064516129,0.0967741935483871,89.7483870967742,8.71032258064516,1011.8367741935484,155,155
7,4,15.178709677419354,0.06064516129032258,0.0967741935483871,90.2258064516129,8.852258064516128,1011.8741935483871,155,155
7,5,15.97483870967742,0.0703225806451613,0.12258064516129032,88.66451612903226,9.029032258064516,1011.9470967741935,155,155
7,6,16.295483870967743,0.0567741935483871,0.10967741935483871,87.81935483870967,9.906451612903226,1011.9754838709678,155,155
7,7,16.621935483870967,0.06387096774193549,0.13548387096774195,86.38064516129032,9.807096774193548,1012.0683870967742,155,155
7,8,20.725806451612904,0.08193548387096773,0.14193548387096774,69.0,10.050322580645162,1012.0258064516129,155,155
7,9,21.0,0.1038709677419355,0.2,68.21290322580646,10.412903225806451,1012.0341935483871,155,155
7,10,21.231612903225805,0.10709677419354839,0.23225806451612904,67.4258064516129,11.01741935483871,1011.9354838709677,155,155
7,11,23.416129032258066,0.11612903225806452,0.23225806451612904,55.87096774193548,11.69483870967742,1011.9599999999999,155,155
7,12,23.56193548387097,0.1535483870967742,0.25806451612903225,55.50967741935484,12.145806451612902,1011.88,155,155
7,13,24.307741935483868,0.16064516129032258,0.2709677419354839,52.07096774193548,11.619354838709677,1011.7703225806451,155,155
7,14,24.42967741935484,0.1406451612903226,0.2645161290322581,51.774193548387096,12.092903225806452,1011.5167741935484,155,155
7,15,24.467741935483872,0.13999999999999999,0.23225806451612904,51.619354838709675,12.710967741935484,1011.4090322580645,155,155
7,16,24.34258064516129,0.24903225806451615,0.2645161290322581,52.0,12.876129032258063,1011.3645161290323,155,155
7,17,23.727096774193548,0.14709677419354839,0.24516129032258063,54.438709677419354,12.359354838709677,1011.2109677419355,155,155
7,18,23.596129032258066,0.15161290322580645,0.2129032258064516,54.63870967741936,11.511612903225807,1011.1774193548387,155,155
7,19,23.426451612903225,0.12774193548387097,0.16129032258064516,55.13548387096774,9.87741935483871,1011.241935483871,155,155
7,20,19.856129032258064,0.11290322580645161,0.14838709677419354,72.50322580645161,8.725806451612904,1011.3141935483872,155,155
7,21,19.469032258064516,0.13225806451612904,0.12258064516129032,73.2,9.043870967741935,1011.5290322580645,155,155
7,22,19.136129032258065,0.08967741935483871,0.05806451612903226,74.46451612903226,9.093548387096774,1011.6451612903226,155,155
7,23,16.692903225806454,0.07096774193548387,0.07096774193548387,84.69032258064516,9.241935483870968,1011.6896774193548,155,155
8,0,15.791612903225806,0.03096774193548387,0.05806451612903226,87.03870967741935,9.154193548387097,1015.3445161290322,155,155
8,1,14.696129032258066,0.021935483870967745,0.04516129032258064,89.29677419354839,8.81225806451613,1015.4354838709677,155,155
8,2,14.560645161290322,0.023870967741935485,0.05161290322580645,89.92903225806451,8.543225806451613,1015.4096774193548,155,155
8,3,14.479354838709678,0.029677419354838707,0.07096774193548387,90.16774193548387,8.457419354838711,1015.4425806451613,155,155
8,4,14.40774193548387,0.02903225806451613,0.05806451612903226,90.41290322580645,8.491612903225807,1015.4948387096775,155,155
8,5,14.121290322580647,0.04,0.06451612903225806,91.48387096774194,8.609032258064516,1015.5858064516128,155,155
8,6,14.256774193548388,0.07612903225806453,0.1032258064516129,91.40645161290323,8.991612903225807,1015.592258064516,155,155
8,7,14.731612903225807,0.06516129032258064,0.1032258064516129,90.18064516129033,9.369032258064516,1015.7367741935485,155,155
8,8,19.1541935483871,0.06387096774193549,0.11612903225806452,73.61290322580645,9.494193548387097,1015.7012903225807,155,155
8,9,19.549677419354836,0.05548387096774193,0.16774193548387098,72.2516129032258,9.930967741935483,1015.6980645161291,155,155
8,10,19.879354838709677,0.03483870967741936,0.12258064516129032,70.93548387096774,10.627096774193548,1015.6470967741935,155,155
8,11,22.725806451612904,0.10129032258064517,0.23225806451612904,56.92258064516129,11.520645161290323,1015.558064516129,155,155
8,12,22.858064516129033,0.08838709677419354,0.23225806451612904,56.4,12.016774193548386,1015.4877419354839,155,155
8,13,23.851612903225806,0.09935483870967741,0.23870967741935484,52.16774193548387,11.06967741935484,1015.4722580645162,155,155
8,14,23.872258064516128,0.14774193548387096,0.2064516129032258,52.39354838709677,11.232903225806451,1015.218064516129,155,155
8,15,23.872258064516128,0.18193548387096772,0.23225806451612904,52.619354838709675,11.625806451612902,1015.0348387096774,155,155
8,16,23.914838709677422,0.10451612903225806,0.22580645161290322,52.58064516129032,11.841290322580646,1014.9322580645161,155,155
8,17,23.14322580645161,0.12838709677419355,0.1870967741935484,56.116129032258065,11.470967741935484,1014.8490322580645,155,155
8,18,23.028387096774193,0.06129032258064516,0.18064516129032257,56.3741935483871,9.960645161290323,1014.765806451613,155,155
8,19,22.747741935483873,0.06387096774193549,0.0967741935483871,57.72258064516129,9.00516129032258,1014.8161290322581,155,155
8,20,18.434838709677418,0.06258064516129032,0.1032258064516129,77.58064516129032,9.274838709677418,1015.0348387096774,155,155
8,21,18.095483870967744,0.04774193548387097,0.08387096774193549,78.73548387096774,9.409032258064517,1015.2019354838709,155,155
8,22,17.88774193548387,0.036774193548387096,0.06451612903225806,79.47741935483872,9.384516129032258,1015.3077419354839,155,155
8,23,16.038064516129033,0.03612903225806452,0.05806451612903226,86.03225806451613,9.26516129032258,1015.3148387096774,155,155
9,0,10.499333333333334,0.04,0.1,84.96666666666667,11.74,1017.8886666666666,150,150
9,1,9.596,0.041999999999999996,0.10666666666666667,87.46666666666667,11.480666666666666,1017.9913333333334,150,150
9,2,9.518666666666666,0.05333333333333334,0.10666666666666667,87.81333333333333,11.234,1017.9253333333332,150,150
9,3,9.451333333333334,0.07133333333333333,0.12,88.08,11.190666666666665,1017.9033333333333,150,150
9,4,9.411999999999999,0.07466666666666666,0.11333333333333333,88.17333333333333,11.293333333333333,1017.9693333333333,150,150
9,5,8.87,0.08133333333333333,0.10666666666666667,89.53333333333333,11.365333333333332,1018.0173333333333,150,150
9,6,8.795333333333334,0.08666666666666667,0.1,89.80666666666667,11.548666666666666,1018.0073333333333,150,150
9,7,8.936,0.05733333333333333,0.08,89.36666666666666,12.256666666666666,1018.118,150,150
9,8,12.014,0.062000000000000006,0.10666666666666667,79.89333333333333,12.909333333333334,1018.1906666666667,150,150
9,9,12.371333333333334,0.07466666666666666,0.14666666666666667,78.61333333333333,13.544666666666666,1018.2433333333333,150,150
9,10,12.713999999999999,0.04266666666666667,0.18,77.4,14.15,1018.2806666666667,150,150
9,11,15.937999999999999,0.03733333333333333,0.15333333333333332,62.406666666666666,14.978666666666667,1018.1466666666666,150,150
9,12,16.106,0.04533333333333333,0.2,61.94,15.352666666666668,1018.1106666666667,150,150
9,13,17.142,0.07333333333333333,0.2,57.24,14.279333333333334,1018.0166666666667,150,150
9,14,17.232666666666667,0.07266666666666667,0.19333333333333333,57.04666666666667,14.821333333333332,1017.8013333333334,150,150
9,15,17.25133333333333,0.11333333333333333,0.19333333333333333,56.986666666666665,14.946666666666667,1017.6740000000001,150,150
9,16,17.224,0.09333333333333334,0.2,57.20666666666666,14.552000000000001,1017.586,150,150
9,17,15.801333333333332,0.106,0.18,63.70666666666666,13.392666666666667,1017.536,150,150
9,18,15.526,0.10666666666666667,0.16,64.76666666666667,12.256666666666666,1017.5433333333333,150,150
9,19,15.154666666666666,0.10666666666666667,0.15333333333333332,65.63333333333334,11.991333333333333,1017.6753333333332,150,150
9,20,11.905333333333333,0.09066666666666666,0.15333333333333332,79.87333333333333,12.086666666666666,1017.8786666666666,150,150
9,21,11.726666666666667,0.08333333333333333,0.12,80.49333333333334,12.187333333333333,1018.0073333333333,150,150
9,22,11.596,0.08333333333333333,0.12,80.87333333333333,12.132666666666667,1018.124,150,150
9,23,10.399333333333335,0.05333333333333334,0.11333333333333333,84.77333333333333,11.930666666666665,1018.1033333333334,150,150
10,0,5.846451612903226,0.08774193548387096,0.18064516129032257,85.69032258064516,12.898709677419355,1017.1651612903227,155,155
10,1,5.2941935483870965,0.10193548387096775,0.18064516129032257,87.3741935483871,12.368387096774192,1017.1541935483871,155,155
10,2,5.263870967741935,0.09225806451612904,0.16129032258064516,87.52258064516128,12.45032258064516,1017.081935483871,155,155
10,3,5.203870967741936,0.0967741935483871,0.15483870967741936,87.6774193548387,12.448387096774194,1017.0096774193548,155,155
10,4,5.146451612903226,0.0703225806451613,0.16774193548387098,87.76129032258065,12.569032258064517,1016.9735483870967,155,155
10,5,4.749677419354839,0.052903225806451605,0.14838709677419354,88.99354838709678,12.603870967741935,1016.9432258064517,155,155
10,6,4.662580645161291,0.04387096774193548,0.17419354838709677,89.36774193548388,12.80516129032258,1016.8729032258063,155,155
10,7,4.647741935483871,0.041935483870967745,0.15483870967741936,89.29677419354839,12.881290322580645,1016.8774193548387,155,155
10,8,5.667741935483871,0.044516129032258066,0.16774193548387098,86.69677419354839,13.327741935483871,1016.9348387096774,155,155
10,9,5.930967741935484,0.05225806451612903,0.17419354838709677,86.03870967741935,13.77548387096774,1017.0561290322581,155,155
10,10,6.170967741935484,0.06322580645161291,0.21935483870967742,85.28387096774193,14.303870967741934,1017.1438709677418,155,155
10,11,8.476774193548387,0.09419354838709677,0.23870967741935484,75.0,14.905161290322582,1017.0567741935483,155,155
10,12,8.621935483870969,0.12838709677419355,0.27741935483870966,74.70967741935483,15.307096774193548,1017.021935483871,155,155
10,13,9.514193548387096,0.1270967741935484,0.2645161290322581,70.32903225806452,14.449032258064516,1016.7806451612903,155,155
10,14,9.566451612903226,0.1064516129032258,0.2709677419354839,70.27096774193548,14.904516129032256,1016.621935483871,155,155
10,15,9.587096774193549,0.09096774193548386,0.2709677419354839,70.35483870967742,14.85741935483871,1016.5529032258065,155,155
10,16,9.53741935483871,0.0935483870967742,0.2645161290322581,70.65161290322581,14.16516129032258,1016.5825806451612,155,155
10,17,7.992903225806452,0.08258064516129032,0.25161290322580643,77.71612903225807,13.617419354838708,1016.5348387096774,155,155
10,18,7.692903225806452,0.08645161290322581,0.22580645161290322,78.60645161290323,13.609032258064516,1016.6916129032259,155,155
10,19,7.592258064516129,0.09741935483870967,0.21935483870967742,78.86451612903225,13.587741935483871,1016.8303225806452,155,155
10,20,6.457419354838709,0.08,0.1935483870967742,83.61935483870968,13.617419354838708,1016.7645161290322,155,155
10,21,6.424516129032257,0.08774193548387096,0.1870967741935484,83.59354838709677,13.626451612903224,1016.8670967741936,155,155
10,22,6.384516129032258,0.0967741935483871,0.2,83.51612903225806,13.459354838709677,1016.8664516129031,155,155
10,23,5.747096774193548,0.1135483870967742,0.18064516129032257,85.71612903225807,13.243870967741938,1016.9477419354838,155,155
11,0,0.742,0.06666666666666667,0.24666666666666667,88.86,14.757333333333333,1016.0,150,150
11,1,0.574,0.08,0.25333333333333335,89.41333333333333,13.636666666666667,1015.9359999999999,150,150
11,2,0.5633333333333334,0.09733333333333333,0.24,89.5,13.905333333333335,1015.8513333333334,150,150
11,3,0.5786666666666667,0.10266666666666667,0.26666666666666666,89.42,14.122666666666667,1015.7733333333333,150,150
11,4,0.5746666666666667,0.09733333333333333,0.28,89.34,14.164666666666665,1015.7293333333333,150,150
11,5,0.42333333333333334,0.09466666666666668,0.2733333333333333,89.71333333333334,14.234666666666666,1015.4873333333334,150,150
11,6,0.39266666666666666,0.092,0.26,90.08,14.296000000000001,1015.5006666666667,150,150
11,7,0.382,0.094,0.25333333333333335,90.13333333333334,14.457999999999998,1015.4733333333334,150,150
11,8,0.3786666666666667,0.08333333333333333,0.24,89.96666666666667,14.612000000000002,1015.5806666666667,150,150
11,9,0.41466666666666663,0.07466666666666666,0.21333333333333335,89.74666666666667,14.774,1015.8106666666667,150,150
11,10,0.49599999999999994,0.06533333333333334,0.21333333333333335,89.55333333333333,15.559333333333335,1015.974,150,150
11,11,1.3146666666666667,0.08733333333333333,0.25333333333333335,86.00666666666666,16.081333333333333,1015.9806666666667,150,150
11,12,1.3833333333333333,0.07200000000000001,0.24666666666666667,85.86666666666666,16.328666666666667,1016.1046666666667,150,150
11,13,1.7046666666666666,0.07466666666666667,0.24666666666666667,83.89333333333333,15.036000000000001,1015.9786666666666,150,150
11,14,1.7426666666666666,0.07466666666666667,0.24666666666666667,83.58,15.309333333333335,1015.86,150,150
11,15,1.7173333333333334,0.07866666666666668,0.23333333333333334,83.66666666666667,15.063333333333333,1015.8326666666667,150,150
11,16,1.6646666666666667,0.06933333333333333,0.22,83.68,14.732000000000001,1015.9673333333334,150,150
11,17,1.058,0.08066666666666666,0.20666666666666667,86.65333333333334,14.721333333333332,1015.9853333333333,150,150
11,18,0.9806666666666666,0.07800000000000001,0.20666666666666667,87.24666666666667,14.933333333333334,1016.0753333333332,150,150
11,19,0.9453333333333334,0.07266666666666667,0.2,87.32,15.018666666666668,1016.1233333333333,150,150
11,20,0.6953333333333334,0.06533333333333334,0.18666666666666668,88.22,14.881333333333332,1016.034,150,150
11,21,0.6873333333333332,0.06466666666666666,0.2,88.09333333333333,14.871333333333332,1016.1066666666667,150,150
11,22,0.714,0.059333333333333335,0.24,87.96,14.784666666666665,1016.0659999999999,150,150
11,23,0.5086666666666666,0.06466666666666668,0.24666666666666667,88.68,14.645333333333335,1016.1966666666667,150,150
12,0,-5.094193548387097,0.0935483870967742,0.27741935483870966,89.10967741935484,14.055483870967741,1018.6116129032257,155,155
12,1,-5.178709677419355,0.11161290322580646,0.2967741935483871,89.07741935483871,12.778064516129032,1018.4464516129033,155,155
12,2,-5.2051612903225815,0.11870967741935483,0.3161290322580645,89.16774193548387,12.975483870967743,1018.4554838709678,155,155
12,3,-5.232258064516129,0.13741935483870968,0.3161290322580645,89.34193548387097,13.415483870967742,1018.3793548387096,155,155
12,4,-5.232903225806452,0.12064516129032257,0.3032258064516129,89.36774193548388,13.638064516129033,1018.3503225806451,155,155
12,5,-5.306451612903226,0.1064516129032258,0.3032258064516129,89.54193548387097,13.709677419354838,1018.0670967741935,155,155
12,6,-5.338064516129032,0.10516129032258065,0.3161290322580645,89.95483870967742,13.70774193548387,1018.054193548387,155,155
12,7,-5.344516129032258,0.09225806451612904,0.3032258064516129,90.02580645161291,13.687096774193549,1017.945806451613,155,155
12,8,-5.319354838709677,0.08387096774193549,0.2838709677419355,89.97419354838709,13.899354838709678,1017.9735483870967,155,155
12,9,-5.311612903225806,0.08,0.3096774193548387,89.8,13.960645161290323,1018.1535483870967,155,155
12,10,-5.210967741935484,0.08451612903225808,0.2903225806451613,89.67096774193548,14.121290322580647,1018.3032258064516,155,155
12,11,-4.314193548387097,0.07161290322580645,0.25806451612903225,87.47096774193548,14.336774193548386,1018.4477419354838,155,155
12,12,-4.22258064516129,0.06838709677419355,0.24516129032258063,87.38709677419355,14.46516129032258,1018.401935483871,155,155
12,13,-3.9012903225806457,0.06258064516129032,0.21935483870967742,85.98709677419355,13.325806451612904,1018.2103225806452,155,155
12,14,-3.8509677419354835,0.05741935483870968,0.25161290322580643,85.70322580645161,13.458064516129033,1018.0845161290323,155,155
12,15,-3.88,0.06516129032258064,0.21935483870967742,85.63870967741936,13.42,1018.1129032258065,155,155
12,16,-3.9400000000000004,0.06709677419354838,0.22580645161290322,85.6774193548387,13.473548387096775,1018.3090322580645,155,155
12,17,-4.463225806451613,0.06451612903225806,0.25161290322580643,87.53548387096774,13.88967741935484,1018.2251612903225,155,155
12,18,-4.56,0.0664516129032258,0.25806451612903225,87.83870967741936,14.150967741935485,1018.3490322580645,155,155
12,19,-4.59741935483871,0.06709677419354838,0.22580645161290322,87.85161290322581,14.207096774193548,1018.3122580645161,155,155
12,20,-4.85741935483871,0.06967741935483872,0.23225806451612904,88.4258064516129,14.056129032258063,1018.2025806451612,155,155
12,21,-4.881290322580646,0.07741935483870968,0.23870967741935484,88.56129032258065,13.938709677419356,1018.323870967742,155,155
12,22,-4.9070967741935485,0.08451612903225807,0.22580645161290322,88.70322580645161,13.825161290322582,1018.2458064516129,155,155
12,23,-5.089032258064516,0.09032258064516129,0.22580645161290322,89.07096774193549,13.905806451612904,1018.4,155,155
